price,rating,title
51.77,Three,A Light in the Attic
53.74,One,Tipping the Velvet
50.1,One,Soumission
47.82,Four,Sharp Objects
54.23,Five,Sapiens: A Brief History of Humankind
22.65,One,The Requiem Red
33.34,Four,The Dirty Little Secrets of Getting Your Dream Job
17.93,Three,"The Coming Woman: A Novel Based on the Life of the Infamous Feminist, Victoria Woodhull"
22.6,Four,The Boys in the Boat: Nine Americans and Their Epic Quest for Gold at the 1936 Berlin Olympics
52.15,One,The Black Maria
13.99,Two,"Starving Hearts (Triangular Trade Trilogy, #1)"
20.66,Four,Shakespeare's Sonnets
17.46,Five,Set Me Free
52.29,Five,Scott Pilgrim's Precious Little Life (Scott Pilgrim #1)
35.02,Five,Rip it Up and Start Again
57.25,Three,"Our Band Could Be Your Life: Scenes from the American Indie Underground, 1981-1991"
23.88,One,Olio
37.59,One,Mesaerion: The Best Science Fiction Stories 1800-1849
51.33,Two,Libertarianism for Beginners
45.17,Two,It's Only the Himalayas
12.84,One,In Her Wake
37.32,Two,How Music Works
30.52,Three,"Foolproof Preserving: A Guide to Small Batch Jams, Jellies, Pickles, Condiments, and More: A Foolproof Guide to Making Small Batch Jams, Jellies, Pickles, Condiments, and More"
25.27,Five,Chase Me (Paris Nights #2)
34.53,Five,Black Dust
54.64,Three,Birdsong: A Story in Pictures
22.5,Three,America's Cradle of Quarterbacks: Western Pennsylvania's Football Factory from Johnny Unitas to Joe Montana
53.13,Three,Aladdin and His Wonderful Lamp
40.3,Five,Worlds Elsewhere: Journeys Around Shakespeare’s Globe
44.18,Four,Wall and Piece
17.66,Five,The Four Agreements: A Practical Guide to Personal Freedom
31.05,Three,The Five Love Languages: How to Express Heartfelt Commitment to Your Mate
23.82,Five,The Elephant Tree
36.89,One,The Bear and the Piano
15.94,Five,Sophie's World
33.29,Three,Penny Maybe
18.02,Two,Maude (1883-1993):She Grew Up with the country
19.63,One,"In a Dark, Dark Wood"
52.22,Four,Behind Closed Doors
33.63,Two,You can't bury them all: Poems
57.31,Three,Slow States of Collapse: Poems
26.41,Two,Reasons to Stay Alive
47.61,Five,Private Paris (Private #10)
23.11,Five,#HigherSelfie: Wake Up Your Life. Free Your Soul. Find Your Tribe.
45.07,Two,Without Borders (Wanderlove #1)
31.77,One,When We Collided
50.27,Five,"We Love You, Charlie Freeman"
14.27,Four,Untitled Collection: Sabbath Poems 2014
44.18,Four,"Unseen City: The Majesty of Pigeons, the Discreet Charm of Snails & Other Wonders of the Urban Wilderness"
18.78,Three,Unicorn Tracks
25.52,One,"Unbound: How Eight Technologies Made Us Human, Transformed Society, and Brought Our World to the Brink"
16.28,One,Tsubasa: WoRLD CHRoNiCLE 2 (Tsubasa WoRLD CHRoNiCLE #2)
31.12,Three,Throwing Rocks at the Google Bus: How Growth Became the Enemy of Prosperity
19.49,Four,This One Summer
17.27,Five,Thirst
19.09,One,The Torch Is Passed: A Harding Family Story
56.13,One,The Secret of Dreadwillow Carse
56.41,One,"The Pioneer Woman Cooks: Dinnertime: Comfort Classics, Freezer Food, 16-Minute Meals, and Other Delicious Ways to Solve Supper!"
56.5,Four,The Past Never Ends
45.22,Three,The Natural History of Us (The Fine Art of Pretending #2)
38.16,Four,The Nameless City (The Nameless City #1)
54.11,Three,The Murder That Never Was (Forensic Instincts #5)
42.96,Four,The Most Perfect Thing: Inside (and Outside) a Bird's Egg
23.89,Four,"The Mindfulness and Acceptance Workbook for Anxiety: A Guide to Breaking Free from Anxiety, Phobias, and Worry Using Acceptance and Commitment Therapy"
16.77,Three,The Life-Changing Magic of Tidying Up: The Japanese Art of Decluttering and Organizing
20.59,Five,"The Inefficiency Assassin: Time Management Tactics for Working Smarter, Not Longer"
37.13,One,The Gutsy Girl: Escapades for Your Life of Epic Adventure
56.06,One,The Electric Pencil: Drawings from Inside State Hospital No. 3
58.11,Four,The Death of Humanity: and the Case for Life
49.05,Three,"The Bulletproof Diet: Lose up to a Pound a Day, Reclaim Energy and Focus, Upgrade Your Life"
40.76,Three,The Art Forger
19.73,One,The Age of Genius: The Seventeenth Century and the Birth of the Modern Mind
32.24,Five,The Activist's Tao Te Ching: Ancient Advice for a Modern Revolution
41.83,Four,Spark Joy: An Illustrated Master Class on the Art of Organizing and Tidying Up
39.58,Two,Soul Reader
39.25,Two,Security
25.02,Three,"Saga, Volume 6 (Saga (Collected Editions) #6)"
51.04,Two,"Saga, Volume 5 (Saga (Collected Editions) #5)"
19.83,Two,Reskilling America: Learning to Labor in the Twenty-First Century
50.4,Three,"Rat Queens, Vol. 3: Demons (Rat Queens (Collected Editions) #11-15)"
13.61,Five,"Princess Jellyfish 2-in-1 Omnibus, Vol. 01 (Princess Jellyfish 2-in-1 Omnibus #1)"
13.34,Five,Princess Between Worlds (Wide-Awake Princess #5)
18.97,One,"Pop Gun War, Volume 1: Gift"
36.28,Two,"Political Suicide: Missteps, Peccadilloes, Bad Calls, Backroom Hijinx, Sordid Pasts, Rotten Breaks, and Just Plain Dumb Mistakes in the Annals of American Politics"
10.16,Three,Patience
15.44,Four,"Outcast, Vol. 1: A Darkness Surrounds Him (Outcast #1)"
48.41,One,orange: The Complete Collection 1 (orange: The Complete Collection #1)
46.35,One,Online Marketing for Busy Authors: A Step-By-Step Guide
14.07,Three,On a Midnight Clear
14.86,Two,Obsidian (Lux #1)
33.37,Two,My Paris Kitchen: Recipes and Stories
56.4,Two,Masks and Shadows
14.02,Four,"Mama Tried: Traditional Italian Cooking for the Screwed, Crude, Vegan, and Tattooed"
46.91,Two,"Lumberjanes, Vol. 2: Friendship to the Max (Lumberjanes #5-8)"
45.61,Three,"Lumberjanes, Vol. 1: Beware the Kitten Holy (Lumberjanes #1-4)"
19.92,Two,Lumberjanes Vol. 3: A Terrible Plan (Lumberjanes #9-12)
40.11,One,"Layered: Baking, Building, and Styling Spectacular Cakes"
53.9,Two,Judo: Seven Steps to Black Belt (an Introductory Guide for Beginners)
35.67,Five,Join
22.0,Four,In the Country We Love: My Family Divided
57.36,Five,Immunity: How Elie Metchnikoff Changed the Course of Modern Medicine
29.17,Two,"I Hate Fairyland, Vol. 1: Madly Ever After (I Hate Fairyland (Compilations) #1-5)"
54.63,Three,I am a Hero Omnibus Volume 1
46.03,One,How to Be Miserable: 40 Strategies You Already Use
33.97,One,Her Backup Boyfriend (The Sorensen Family #1)
22.11,Two,"Giant Days, Vol. 2 (Giant Days #5-8)"
29.69,Three,Forever and Forever: The Courtship of Henry Longfellow and Fanny Appleton
15.97,Four,First and First (Five Boroughs #3)
21.96,One,Fifty Shades Darker (Fifty Shades #2)
54.35,Two,Everydata: The Misinformation Hidden in the Little Data You Consume Every Day
37.97,Two,"Don't Be a Jerk: And Other Practical Advice from Dogen, Japan's Greatest Zen Master"
51.99,Four,Danganronpa Volume 1
43.29,Three,Crown of Midnight (Throne of Glass #2)
36.72,Four,"Codename Baboushka, Volume 1: The Conclave of Death"
17.08,Four,Camp Midnight
29.14,Five,Call the Nurse: True Stories of a Country Nurse on a Scottish Isle
28.81,Three,Burning
49.46,Two,Bossypants
37.92,Two,"Bitch Planet, Vol. 1: Extraordinary Machine (Bitch Planet (Collected Editions))"
28.09,Two,"Avatar: The Last Airbender: Smoke and Shadow, Part 3 (Smoke and Shadow #3)"
30.81,One,Algorithms to Live By: The Computer Science of Human Decisions
42.95,One,A World of Flavor: Your Gluten Free Passport
56.76,Five,"A Piece of Sky, a Grain of Rice: A Memoir in Four Meditations"
16.64,One,A Murder in Time
55.53,Five,A Flight of Arrows (The Pathfinders #2)
28.13,Four,A Fierce and Subtle Poison
52.37,One,A Court of Thorns and Roses (A Court of Thorns and Roses #1)
54.0,Five,(Un)Qualified: How God Uses Broken People to Do Big Things
21.87,Four,You Are What You Love: The Spiritual Power of Habit
43.3,Four,"William Shakespeare's Star Wars: Verily, A New Hope (William Shakespeare's Star Wars #4)"
21.04,Two,Tuesday Nights in 1980
41.6,Three,Tracing Numbers on a Train
35.07,Three,Throne of Glass (Throne of Glass #1)
59.64,One,Thomas Jefferson and the Tripoli Pirates: The Forgotten War That Changed American History
52.72,One,Thirteen Reasons Why
58.08,Four,The White Cat and the Monk: A Retelling of the Poem “Pangur Bán”
24.12,One,The Wedding Dress
42.15,Four,The Vacationers
12.61,Five,The Third Wave: An Entrepreneur’s Vision of the Future
17.44,Four,The Stranger
33.14,One,The Shadow Hero (The Shadow Hero)
27.37,Four,The Secret (The Secret #1)
51.36,Five,The Regional Office Is Under Attack!
36.0,Two,The Psychopath Test: A Journey Through the Madness Industry
10.65,One,The Project
43.54,Two,The Power of Now: A Guide to Spiritual Enlightenment
38.21,Two,The Omnivore's Dilemma: A Natural History of Four Meals
37.34,Five,The Nerdy Nummies Cookbook: Sweet Treats for the Geek in All of Us
44.1,Four,The Murder of Roger Ackroyd (Hercule Poirot #4)
43.29,Three,The Mistake (Off-Campus #2)
55.85,One,The Matchmaker's Playbook (Wingmen Inc. #1)
37.6,Two,The Love and Lemons Cookbook: An Apple-to-Zucchini Celebration of Impromptu Cooking
10.97,One,The Long Shadow of Small Ghosts: Murder and Memory in an American City
41.82,Four,The Kite Runner
36.95,One,The House by the Lake
44.28,One,The Glittering Court (The Glittering Court #1)
55.02,Two,The Girl on the Train
17.24,One,The Genius of Birds
23.15,Two,The Emerald Mystery
41.25,One,The Cookies & Cups Cookbook: 125+ sweet & savory recipes reminding you to Always Eat Dessert First
32.0,Three,The Bridge to Consciousness: I'm Writing the Bridge Between Science and Our Old and New Beliefs.
38.49,Five,The Artist's Way: A Spiritual Path to Higher Creativity
33.34,Five,The Art of War
10.93,Two,The Argonauts
27.55,Three,The 10% Entrepreneur: Live Your Startup Dream Without Quitting Your Day Job
55.99,Two,Suddenly in Love (Lake Haven #1)
16.24,Four,Something More Than This
26.12,Two,Soft Apocalypse
12.23,Two,So You've Been Publicly Shamed
23.99,Two,Shoe Dog: A Memoir by the Creator of NIKE
29.06,Three,"Shobu Samurai, Project Aryoku (#3)"
20.27,One,Secrets and Lace (Fatal Hearts #1)
43.55,Five,Scarlett Epstein Hates It Here
36.94,One,Romero and Juliet: A Tragic Tale of Love and Zombies
20.47,Five,Redeeming Love
41.06,One,Poses for Artists Volume 1 - Dynamic and Sitting Poses: An Essential Reference for Figure Drawing and the Human Form
14.19,Four,Poems That Make Grown Women Cry
38.28,One,"Nightingale, Sing"
41.05,One,Night Sky with Exit Wounds
30.25,Five,Mrs. Houdini
28.26,Five,Modern Romance
10.76,One,Miss Peregrine’s Home for Peculiar Children (Miss Peregrine’s Peculiar Children #1)
16.85,Two,Louisa: The Extraordinary Life of Mrs. Adams
13.47,Three,Little Red
48.56,Five,Library of Souls (Miss Peregrine’s Peculiar Children #3)
19.15,Two,Large Print Heart of the Pride
57.36,Four,I Had a Nice Time And Other Lies...: How to find love & sh*t like that
42.98,One,Hollow City (Miss Peregrine’s Peculiar Children #2)
22.16,Two,Grumbles
49.43,Four,Full Moon over Noah’s Ark: An Odyssey to Mount Ararat and Beyond
29.99,Five,Frostbite (Vampire Academy #2)
21.36,One,Follow You Home
29.0,One,First Steps for New Christians (Print Edition)
53.53,Five,Finders Keepers (Bill Hodges Trilogy #2)
41.62,Four,"Fables, Vol. 1: Legends in Exile (Fables #1)"
54.59,Four,Eureka Trivia 6.0
34.95,Four,Drive: The Surprising Truth About What Motivates Us
37.72,Five,Done Rubbed Out (Reightman & Bailey #1)
35.61,Three,Doing It Over (Most Likely To #1)
42.16,Three,"Deliciously Ella Every Day: Quick and Easy Recipes for Gluten-Free Snacks, Packed Lunches, and Simple Meals"
19.19,Five,Dark Notes
19.43,Three,"Daring Greatly: How the Courage to Be Vulnerable Transforms the Way We Live, Love, Parent, and Lead"
49.46,Four,Close to You
37.8,Two,Chasing Heaven: What Dying Taught Me About Living
30.8,Three,Big Magic: Creative Living Beyond Fear
27.43,Two,Becoming Wise: An Inquiry into the Mystery and Art of Living
11.11,Two,Beauty Restored (Riley Family Legacy Novellas #3)
36.5,Two,Batman: The Long Halloween (Batman)
15.38,Five,Batman: The Dark Knight Returns (Batman)
15.48,Two,Ayumi's Violin
46.82,Four,Anonymous
18.46,Three,Amy Meets the Saints and Sages
36.58,One,Amid the Chaos
50.54,Five,Amatus
12.51,Five,Agnostic: A Spirited Manifesto
24.7,Three,Zealot: The Life and Times of Jesus of Nazareth
43.61,Five,You (You #1)
37.34,Four,"Wonder Woman: Earth One, Volume One (Wonder Woman: Earth One #1)"
14.36,Two,Wild Swans
52.65,Four,Why the Right Went Wrong: Conservatism--From Goldwater to the Tea Party and Beyond
38.2,Four,Whole Lotta Creativity Going On: 60 Fun and Unusual Exercises to Awaken and Strengthen Your Creativity
19.6,Two,What's It Like in Space?: Stories from Astronauts Who've Been There
53.9,One,"We Are Robin, Vol. 1: The Vigilante Business (We Are Robin #1)"
12.96,Five,Walt Disney's Alice in Wonderland
37.1,Four,V for Vendetta (V for Vendetta Complete)
46.31,Two,Until Friday Night (The Field Party #1)
45.95,Two,"Unbroken: A World War II Story of Survival, Resilience, and Redemption"
22.08,Two,Twenty Yawns
25.38,Two,Through the Woods
27.12,Two,This Is Where It Ends
43.04,Two,The Year of Magical Thinking
56.8,Four,The Wright Brothers
25.91,Five,The White Queen (The Cousins' War #1)
32.61,Three,The Wedding Pact (The O'Malleys #2)
27.88,Five,The Time Keeper
52.67,Four,The Testament of Mary
46.02,Five,The Star-Touched Queen
44.48,Five,The Songs of the Gods
37.4,Five,The Song of Achilles
54.04,One,The Rosie Project (Don Tillman #1)
16.88,Three,The Power of Habit: Why We Do What We Do in Life and Business
28.08,Four,The Marriage of Opposites
10.4,One,The Lucifer Effect: Understanding How Good People Turn Evil
44.07,One,The Long Haul (Diary of a Wimpy Kid #9)
23.4,One,The Loney
17.43,Three,The Literature Book (Big Ideas Simply Explained)
54.21,Two,The Last Mile (Amos Decker #2)
40.67,Two,The Immortal Life of Henrietta Lacks
52.26,Two,The Hidden Oracle (The Trials of Apollo #1)
28.77,Three,The Help Yourself Cookbook for Kids: 60 Easy Plant-Based Recipes Kids Can Make to Stay Healthy and Save the Earth
13.82,Two,The Guilty (Will Robie #4)
25.85,Three,The First Hostage (J.B. Collins #2)
48.78,One,The Dovekeepers
35.35,Five,The Darkest Lie
44.73,Four,The Bane Chronicles (The Bane Chronicles #1-11)
15.77,One,The Bad-Ass Librarians of Timbuktu: And Their Race to Save the World’s Most Precious Manuscripts
39.24,One,The 14th Colony (Cotton Malone #11)
13.92,One,That Darkness (Gardiner and Renner #1)
10.69,One,Tastes Like Fear (DI Marnie Rome #3)
45.21,Three,Take Me with You
45.58,One,Swell: A Year of Waves
11.89,Five,Superman Vol. 1: Before Truth (Superman by Gene Luen Yang #1)
26.41,Three,Still Life with Bread Crumbs
39.5,Five,Steve Jobs
44.74,Four,Sorting the Beef from the Bull: The Science of Food Fraud Forensics
52.79,Five,Someone Like You (The Harrisons #2)
35.43,Four,"So Cute It Hurts!!, Vol. 6 (So Cute It Hurts!! #6)"
55.84,Four,Shtum
48.87,Three,See America: A Celebration of Our National Parks & Treasured Sites
46.78,Four,salt.
47.82,Three,Robin War
25.48,Two,"Red Hood/Arsenal, Vol. 1: Open for Business (Red Hood/Arsenal #1)"
23.57,Three,Rain Fish
50.89,Five,"Quarter Life Poetry: Poems for the Young, Broke and Hangry"
10.56,Three,Pet Sematary
52.15,Three,"Overload: How to Unplug, Unwind, and Unleash Yourself from the Pressure of Stress"
18.28,Two,Once Was a Time
11.83,Five,Old School (Diary of a Wimpy Kid #10)
21.95,Two,No Dream Is Too High: Life Lessons From a Man Who Walked on the Moon
38.39,Two,"Naruto (3-in-1 Edition), Vol. 14: Includes Vols. 40, 41 & 42 (Naruto: Omnibus #14)"
41.56,One,My Name Is Lucy Barton
24.48,Three,My Mrs. Brown
40.36,One,My Kind of Crazy
28.9,One,Mr. Mercedes (Bill Hodges Trilogy #1)
37.61,Two,More Than Music (Chasing the Dream #1)
38.85,Five,Made to Stick: Why Some Ideas Survive and Others Die
53.95,Three,Luis Paints the World
49.83,Three,Luckiest Girl Alive
51.51,Two,Lowriders to the Center of the Earth (Lowriders in Space #2)
18.03,One,Love Is a Mix Tape (Music #1)
29.14,Five,Looking for Lovely: Collecting the Moments that Matter
46.91,Four,"Living Leadership by Insight: A Good Leader Achieves, a Great Leader Builds Monuments"
26.79,Five,Let It Out: A Journey Through Journaling
16.28,Five,Lady Midnight (The Dark Artifices #1)
19.55,One,"It's All Easy: Healthy, Delicious Weeknight Meals in under 30 Minutes"
29.65,One,Island of Dragons (Unwanteds #7)
25.98,Four,I Know What I'm Doing -- and Other Lies I Tell Myself: Dispatches from a Life Under Construction
10.6,Four,I Am Pilgrim (Pilgrim #1)
14.75,Five,"Hyperbole and a Half: Unfortunate Situations, Flawed Coping Mechanisms, Mayhem, and Other Things That Happened"
47.02,Three,"Hush, Hush (Hush, Hush #1)"
28.82,One,Hold Your Breath (Search and Rescue #1)
58.79,Three,Hamilton: The Revolution
10.23,Five,Greek Mythic History
30.03,Five,God: The Most Unpleasant Character in All Fiction
45.84,Three,Glory over Everything: Beyond The Kitchen House
49.05,Three,Feathers: Displays of Brilliant Plumage
15.06,Four,"Far & Away: Places on the Brink of Change: Seven Continents, Twenty-Five Years"
46.47,Three,Every Last Word
27.09,Three,Eligible (The Austen Project #4)
57.62,Five,El Deafo
14.39,Four,Eight Hundred Grapes
51.75,Five,"Eaternity: More than 150 Deliciously Easy Vegan Recipes for a Long, Healthy, Satisfied, Joyful Life"
54.07,Two,"Eat Fat, Get Thin"
55.35,One,Don't Get Caught
40.12,Two,Doctor Sleep (The Shining #2)
37.51,Five,Demigods & Magicians: Percy and Annabeth Meet the Kanes (Percy Jackson & Kane Chronicles Crossover #1-3)
11.21,Five,Dear Mr. Knightley
36.58,One,Daily Fantasy Sports
47.72,Two,Crazy Love: Overwhelmed by a Relentless God
25.01,Three,Cometh the Hour (The Clifton Chronicles #6)
22.13,Four,Code Name Verity (Code Name Verity #1)
44.14,One,Clockwork Angel (The Infernal Devices #1)
56.02,Four,City of Glass (The Mortal Instruments #3)
11.23,Four,City of Fallen Angels (The Mortal Instruments #4)
43.28,One,City of Bones (The Mortal Instruments #1)
47.27,One,City of Ashes (The Mortal Instruments #2)
20.29,Four,Cell
50.83,Three,Catching Jordan (Hundred Oaks)
31.85,Three,"Carry On, Warrior: Thoughts on Life Unarmed"
46.23,Two,Carrie
37.8,Four,Buying In: The Secret Dialogue Between What We Buy and Who We Are
49.32,Five,Brain on Fire: My Month of Madness
32.01,Two,Batman: Europa
28.01,One,Barefoot Contessa Back to Basics
50.62,Five,Barefoot Contessa at Home: Everyday Recipes You'll Make Over and Over Again
17.03,Three,Balloon Animals
48.8,Three,Art Ops Vol. 1
58.14,Four,Aristotle and Dante Discover the Secrets of the Universe (Aristotle and Dante Discover the Secrets of the Universe #1)
34.2,Two,Angels Walking (Angels Walking #1)
51.48,Three,Angels & Demons (Robert Langdon #1)
29.87,Five,All the Light We Cannot See
10.9,Two,"Adulthood Is a Myth: A ""Sarah's Scribbles"" Collection"
56.37,Five,Abstract City
48.35,Five,A Time of Torment (Charlie Parker #14)
16.73,Two,A Study in Scarlet (Sherlock Holmes #1)
56.48,Two,"A Series of Catastrophes and Miracles: A True Story of Love, Science, and Cancer"
40.79,Two,A People's History of the United States
39.72,One,A Man Called Ove
14.58,Three,A Distant Mirror: The Calamitous 14th Century
55.51,One,A Brush of Wings (Angels Walking #3)
21.8,Three,1491: New Revelations of the Americas Before Columbus
13.33,Three,"The Three Searches, Meaning, and the Story"
38.73,One,Searching for Meaning in Gailana
37.86,Four,Rook
11.53,Two,My Kitchen Year: 136 Recipes That Saved My Life
27.06,One,13 Hours: The Inside Account of What Really Happened In Benghazi
13.86,Three,Will You Won't You Want Me?
37.55,One,Tipping Point for Planet Earth: How Close Are We to the Edge?
46.29,Five,The Silent Sister (Riley MacPherson #1)
26.2,One,The Midnight Watch: A Novel of the Titanic and the Californian
33.26,Two,The Lonely City: Adventures in the Art of Being Alone
59.15,Four,The Gray Rhino: How to Recognize and Act on the Obvious Dangers We Ignore
39.43,One,The Golden Condom: And Other Essays on Love Lost and Found
14.44,Five,The Epidemic (The Program 0.6)
56.54,Two,The Dinner Party
59.9,Three,The Diary of a Young Girl
11.88,Three,The Children
48.05,Two,Stars Above (The Lunar Chronicles #4.5)
21.21,Three,Snatched: How A Drug Queen Went Undercover for the DEA and Was Kidnapped By Colombian Guerillas
49.67,Four,Raspberry Pi Electronics Projects for the Evil Genius
43.14,One,Quench Your Own Thirst: Business Lessons Learned Over a Beer or Two
36.97,Five,Psycho: Sanitarium (Psycho #1.5)
26.8,Three,Poisonous (Max Revere Novels #3)
15.71,Four,One with You (Crossfire #5)
54.65,Four,No Love Allowed (Dodge Cove #1)
54.36,Four,Murder at the 42nd Street Library (Raymond Ambler #1)
35.28,Three,Most Wanted
20.55,Two,"Love, Lies and Spies"
58.32,Five,How to Speak Golf: An Illustrated Guide to Links Lingo
11.84,One,Hide Away (Eve Duncan #20)
41.46,Four,Furiously Happy: A Funny Book About Horrible Things
20.1,Five,Everyday Italian: 125 Simple and Delicious Recipes
56.86,One,Equal Is Unfair: America's Misguided Fight Against Income Inequality
56.51,Five,Eleanor & Park
40.83,Four,Dirty (Dive Bar #1)
48.64,One,Can You Keep a Secret? (Fear Street Relaunch #4)
59.48,Three,Boar Island (Anna Pigeon #19)
39.01,Four,A Paris Apartment
38.77,One,"A la Mode: 120 Recipes in 60 Pairings: Pies, Tarts, Cakes, Crisps, and More Topped with Ice Cream, Gelato, Frozen Custard, and More"
48.39,Two,Troublemaker: Surviving Hollywood and Scientology
27.26,Two,The Widow
11.68,Four,"The Sleep Revolution: Transforming Your Life, One Night at a Time"
59.45,One,The Improbability of Love
21.0,Three,The Art of Startup Fundraising
53.98,Three,Take Me Home Tonight (Rock Star Romance #3)
48.74,One,Sleeping Giants (Themis Files #1)
21.15,Two,"Setting the World on Fire: The Brief, Astonishing Life of St. Catherine of Siena"
13.71,Three,Playing with Fire
47.67,Three,Off the Hook (Fishing for Trouble #1)
13.34,Two,Mothering Sunday
16.89,Five,"Mother, Can You Not?"
27.18,One,M Train
17.28,Two,Lilac Girls
45.14,One,Lies and Other Acts of Love
40.85,One,Lab Girl
20.46,Four,Keep Me Posted
56.27,Three,It Didn't Start with You: How Inherited Family Trauma Shapes Who We Are and How to End the Cycle
48.49,Four,Grey (Fifty Shades #4)
51.34,Four,"Exit, Pursued by a Bear"
16.34,Three,Daredevils
20.5,Three,Cravings: Recipes for What You Want to Eat
21.59,Five,Born for This: How to Find the Work You Were Meant to Do
21.36,Four,Arena
20.88,Five,Adultery
19.53,Three,A Mother's Reckoning: Living in the Aftermath of Tragedy
14.75,Five,A Gentleman's Position (Society of Gentlemen #3)
48.48,Three,11/22/63
24.57,Two,"10% Happier: How I Tamed the Voice in My Head, Reduced Stress Without Losing My Edge, and Found Self-Help That Actually Works"
49.71,Five,10-Day Green Smoothie Cleanse: Lose Up to 15 Pounds in 10 Days!
48.27,Five,Without Shame
58.05,Four,Watchmen
58.87,Four,Unlimited Intuition Now
11.82,Two,Underlying Notes
28.03,One,The Shack
44.05,Five,The New Brand You: Your New Image Makes the Sale for You
12.34,Four,"The Moosewood Cookbook: Recipes from Moosewood Restaurant, Ithaca, New York"
16.68,Two,The Flowers Lied
55.91,One,"The Fabric of the Cosmos: Space, Time, and the Texture of Reality"
24.57,Three,The Book of Mormon
52.98,Five,The Art and Science of Low Carbohydrate Living
54.4,One,The Alien Club
54.81,Five,Suzie Snowflake: One beautiful flake (a self-esteem story)
25.08,One,Nap-a-Roo
10.41,Four,"NaNo What Now? Finding your editing process, revising your NaNoWriMo book and building a writing career through publishing and beyond"
47.44,Two,Modern Day Fables
20.91,One,If I Gave You God's Phone Number....: Searching for Spirituality in America
33.95,Four,"Fruits Basket, Vol. 9 (Fruits Basket #9)"
43.68,Three,Dress Your Family in Corduroy and Denim
33.23,One,Don't Forget Steven
35.92,Two,Chernobyl 01:23:40: The Incredible True Story of the World's Worst Nuclear Disaster
48.63,Four,Art and Fear: Observations on the Perils (and Rewards) of Artmaking
56.63,Three,A Shard of Ice (The Black Symphony Saga #1)
50.49,Three,A Hero's Curse (The Unseen Chronicles #1)
35.79,Two,23 Degrees South: A Tropical Tale of Changing Whether...
34.06,Three,"Zero to One: Notes on Startups, or How to Build the Future"
17.76,One,Why Not Me?
39.36,Two,When Breath Becomes Air
36.94,Two,Vagabonding: An Uncommon Guide to the Art of Long-Term World Travel
43.62,Five,The Unlikely Pilgrimage of Harold Fry (Harold Fry #1)
43.02,Three,The New Drawing on the Right Side of the Brain
28.45,Four,"The Midnight Assassin: Panic, Scandal, and the Hunt for America's First Serial Killer"
41.39,Two,The Martian (The Martian #1)
51.15,One,The High Mountains of Portugal
35.88,One,The Grownup
36.91,One,The E-Myth Revisited: Why Most Small Businesses Don't Work and What to Do About It
28.93,One,South of Sunshine
38.89,Five,Smarter Faster Better: The Secrets of Being Productive in Life and Business
58.33,Three,Silence in the Dark (Logan Point #4)
39.67,Five,Shadows of the Past (Logan Point #1)
14.1,Five,Roller Girl
21.82,Three,Rising Strong
54.21,One,Proofs of God: Classical Arguments from Tertullian to Barth
31.19,Four,Please Kill Me: The Uncensored Oral History of Punk
53.64,Five,Out of Print: City Lights Spotlight No. 14
36.39,Five,My Life Next Door (My Life Next Door )
58.54,Two,Miller's Valley
29.48,Three,Man's Search for Meaning
25.06,Two,"Love That Boy: What Two Presidents, Eight Road Trips, and My Son Taught Me About a Parent's Expectations"
12.55,Three,Living Forward: A Proven Plan to Stop Drifting and Get the Life You Want
29.04,Five,Les Fleurs du Mal
40.72,Two,Left Behind (Left Behind #1)
45.05,Five,Kill 'Em and Leave: Searching for James Brown and the American Soul
47.13,One,Kierkegaard: A Christian Missionary to Christians
20.22,Four,John Vassos: Industrial Design for Modern Life
56.48,One,I'll Give You the Sun
44.21,One,I Will Find You
21.96,Four,Hystopia: A Novel
40.45,Two,Howl and Other Poems
10.29,Four,History of Beauty
52.86,Two,Heaven is for Real: A Little Boy's Astounding Story of His Trip to Heaven and Back
55.65,Five,Future Shock (Future Shock #1)
43.64,One,Ender's Game (The Ender Quintet #1)
28.41,One,Diary of a Citizen Scientist: Chasing Tiger Beetles and Other New Ways of Engaging the World
37.51,Four,Death by Leisure: A Cautionary Tale
11.45,Three,Brilliant Beacons: A History of the American Lighthouse
19.22,Two,Brazen: The Courage to Find the You That's Been Hiding
56.91,Four,Between the World and Me
55.06,Four,Being Mortal: Medicine and What Matters in the End
13.2,Three,"A Murder Over a Girl: Justice, Gender, Junior High"
53.63,Two,32 Yolks
44.48,Five,"""Most Blessed of the Patriarchs"": Thomas Jefferson and the Empire of the Imagination"
12.08,Three,You Are a Badass: How to Stop Doubting Your Greatness and Start Living an Awesome Life
22.14,Two,Wildlife of New York: A Five-Borough Coloring Book
25.37,Five,What Happened on Beale Street (Secrets of the South Mysteries #2)
46.33,Two,Unreasonable Hope: Finding Faith in the God Who Brings Purpose to Your Pain
37.33,Three,Under the Tuscan Sun
25.55,One,Toddlers Are A**holes: It's Not Your Fault
34.72,One,The Year of Living Biblically: One Man's Humble Quest to Follow the Bible as Literally as Possible
35.96,Four,The Whale
41.14,Four,The Story of Art
10.01,Four,The Origin of Species
36.05,Four,The Great Gatsby
49.03,Three,The Good Girl
16.24,One,The Glass Castle
39.55,One,The Faith of Christopher Hitchens: The Restless Soul of the World's Most Notorious Atheist
35.67,Three,The Drowning Girls
16.62,Three,The Constant Princess (The Tudor Court #1)
42.78,Four,The Bourne Identity (Jason Bourne #1)
52.3,Five,The Bachelor Girl's Guide to Murder (Herringford and Watts Mysteries #1)
32.34,Two,The Art Book
33.17,Four,The 7 Habits of Highly Effective People: Powerful Lessons in Personal Change
20.12,Five,Team of Rivals: The Political Genius of Abraham Lincoln
20.9,Two,Steal Like an Artist: 10 Things Nobody Told You About Being Creative
20.9,Three,"Sit, Stay, Love"
40.2,Four,Sister Dear
52.87,Three,"Shrunken Treasures: Literary Classics, Short, Sweet, and Silly"
51.74,One,"Rich Dad, Poor Dad"
34.41,Two,Raymie Nightingale
32.38,One,Playing from the Heart
50.35,Four,Nightstruck: A Novel
11.38,Five,"Naturally Lean: 125 Nourishing Gluten-Free, Plant-Based Recipes--All Under 300 Calories"
43.58,Three,Meternity
49.67,Three,Memoirs of a Geisha
28.77,Two,Like Never Before (Walker Family #2)
13.22,Four,Life of Pi
51.17,Five,Leave This Song Behind: Teen Poetry at Its Best
39.61,Five,King's Folly (The Kinsman Chronicles #1)
57.43,Four,John Adams
46.01,Four,How to Cook Everything Vegetarian: Simple Meatless Recipes for Great Food (How to Cook Everything)
28.25,Two,How to Be a Domestic Goddess: Baking and the Art of Comfort Cooking
37.05,Five,Good in Bed (Cannie Shapiro #1)
19.57,One,"Fruits Basket, Vol. 7 (Fruits Basket #7)"
45.13,Three,For the Love: Fighting for Grace in a World of Impossible Standards
46.64,Two,Finding God in the Ruins: How God Redeems Pain
12.16,Five,Every Heart a Doorway (Every Heart A Doorway #1)
20.89,Four,Delivering the Truth (Quaker Midwife Mystery #1)
17.97,Five,Counted With the Stars (Out from Egypt #1)
52.6,Two,"Chronicles, Vol. 1"
25.77,One,Blue Like Jazz: Nonreligious Thoughts on Christian Spirituality
48.19,Three,Benjamin Franklin: An American Life
29.93,Five,"At The Existentialist Café: Freedom, Being, and apricot cocktails with: Jean-Paul Sartre, Simone de Beauvoir, Albert Camus, Martin Heidegger, Edmund Husserl, Karl Jaspers, Maurice Merleau-Ponty and others"
44.34,Two,A Summer In Europe
52.4,Five,A Short History of Nearly Everything
44.81,Four,A Gathering of Shadows (Shades of Magic #2)
57.84,Five,The Sound Of Love
39.67,Two,The Rise and Fall of the Third Reich: A History of Nazi Germany
55.02,Three,The Perks of Being a Wallflower
24.8,Four,The Mysterious Affair at Styles (Hercule Poirot #1)
59.45,Four,The Man Who Mistook His Wife for a Hat and Other Clinical Tales
31.58,Two,The Makings of a Fatherless Child
43.27,Four,The Joy of Cooking
37.34,One,The Invention of Wings
17.8,Five,The Hobbit (Middle-Earth Universe)
30.54,One,The Great Railway Bazaar
18.77,One,The Golden Compass (His Dark Materials #1)
46.85,Three,The God Delusion
15.79,One,The Girl You Left Behind (The Girl You Left Behind #1)
10.27,Two,The Fellowship of the Ring (The Lord of the Rings #1)
15.42,Five,The Collected Poems of W.B. Yeats (The Collected Works of W.B. Yeats #1)
59.92,Five,The Barefoot Contessa Cookbook
50.96,Two,Tell the Wolves I'm Home
30.6,Three,Ship Leaves Harbor: Essays on Travel by a Recovering Journeyman
19.27,Four,Pride and Prejudice
46.58,One,Musicophilia: Tales of Music and the Brain
48.51,Three,Mere Christianity
19.02,One,Me Before You (Me Before You #1)
38.38,Two,In the Woods (Dublin Murder Squad #1)
49.98,Four,In Cold Blood
46.49,Five,How to Stop Worrying and Start Living
18.32,Two,Give It Back
42.14,Three,"Girl, Interrupted"
56.59,Four,Fun Home: A Family Tragicomic
20.96,Four,"Fruits Basket, Vol. 6 (Fruits Basket #6)"
40.32,Four,Deception Point
36.39,Three,"Death Note, Vol. 6: Give-and-Take (Death Note #6)"
58.55,Four,Catherine the Great: Portrait of a Woman
39.61,Three,Better Homes and Gardens New Cook Book
21.3,Three,An Unquiet Mind: A Memoir of Moods and Madness
56.88,Four,A Year in Provence (Provence #1)
32.97,Four,World Without End (The Pillars of the Earth #2)
47.31,Four,"Will Grayson, Will Grayson (Will Grayson, Will Grayson)"
48.67,Two,Why Save the Bankers?: And Other Essays on Our Economic and Political Crisis
41.73,Four,Where She Went (If I Stay #2)
53.68,Four,What If?: Serious Scientific Answers to Absurd Hypothetical Questions
14.64,One,Two Summers
38.4,One,This Is Your Brain on Music: The Science of a Human Obsession
15.08,Four,The Secret Garden
30.57,Two,The Raven King (The Raven Cycle #4)
57.74,Four,The Raven Boys (The Raven Cycle #1)
11.05,Five,The Power Greens Cookbook: 140 Delicious Superfood Recipes
28.58,One,The Metamorphosis
42.91,Five,The Mathews Men: Seven Brothers and the War Against Hitler's U-boats
24.73,Three,The Little Paris Bookshop
55.91,Four,The Hiding Place
13.76,Three,The Grand Design
45.56,Three,The Firm
47.22,One,The Fault in Our Stars
56.0,Five,The False Prince (The Ascendance Trilogy #1)
44.58,Two,The Expatriates
34.5,One,The Dream Thieves (The Raven Cycle #2)
11.33,Five,The Darkest Corners
38.77,Four,The Crossover
11.83,Two,The 5th Wave (The 5th Wave #1)
45.51,Three,Tell the Wind and Fire
41.81,One,Tell Me Three Things
25.15,Four,Talking to Girls About Duran Duran: One Young Man's Quest for True Love and a Cooler Haircut
34.22,Five,Siddhartha
16.23,Five,Shiver (The Wolves of Mercy Falls #1)
11.48,Three,Remember Me?
23.37,Three,Red Dragon (Hannibal Lecter #1)
16.28,Two,Peak: Secrets from the New Science of Expertise
31.63,Four,My Mother Was Nuts
24.91,Five,Mexican Today: New and Rediscovered Recipes for Contemporary Kitchens
22.54,One,Maybe Something Beautiful: How Art Transformed a Neighborhood
23.63,Four,Lola and the Boy Next Door (Anna and the French Kiss #2)
13.12,Two,Logan Kade (Fallen Crest High #5.5)
59.98,Three,Last One Home (New Beginnings #1)
31.49,Four,Killing Floor (Jack Reacher #1)
15.52,Five,Kill the Boy Band
48.13,Five,Isla and the Happily Ever After (Anna and the French Kiss #3)
38.13,Five,If I Stay (If I Stay #1)
36.55,Two,I Know Why the Caged Bird Sings (Maya Angelou's Autobiography #1)
23.32,One,Harry Potter and the Deathly Hallows (Harry Potter #7)
16.33,One,"Fruits Basket, Vol. 5 (Fruits Basket #5)"
32.42,One,Foundation (Foundation (Publication Order) #1)
16.96,One,Fool Me Once
22.37,One,Find Her (Detective D.D. Warren #8)
42.27,One,Evicted: Poverty and Profit in the American City
38.7,Two,Drama
35.63,Five,Dracula the Un-Dead
58.0,Five,Digital Fortress
52.41,One,"Death Note, Vol. 5: Whiteout (Death Note #5)"
32.35,Three,"Data, A Love Story: How I Gamed Online Dating to Meet My Match"
20.75,One,Critique of Pure Reason
17.49,Five,Booked
34.13,Five,"Blue Lily, Lily Blue (The Raven Cycle #3)"
58.81,Five,Approval Junkie: Adventures in Caring Too Much
10.0,Five,An Abundance of Katherines
51.22,Two,America's War for the Greater Middle East: A Military History
58.59,Four,Alight (The Generations Trilogy #2)
31.3,One,A Girl's Guide to Moving On (New Beginnings #2)
46.42,Two,A Game of Thrones (A Song of Ice and Fire #1)
17.21,Four,A Feast for Crows (A Song of Ice and Fire #4)
10.79,Three,A Clash of Kings (A Song of Ice and Fire #2)
52.35,Four,Vogue Colors A to Z: A Fashion Coloring Book
27.88,Three,The Shining (The Shining #1)
50.26,Two,The Pilgrim's Progress
59.99,Three,The Perfect Play (Play by Play #1)
28.32,Five,The Passion of Dolssa
38.71,Three,The Jazz of Physics: The Secret Link Between Music and the Structure of the Universe
29.85,Five,The Hunger Games (The Hunger Games #1)
14.82,Two,The Hound of the Baskervilles (Sherlock Holmes #5)
16.81,Four,The Gunning of America: Business and the Making of American Gun Culture
28.23,Two,The Geography of Bliss: One Grump's Search for the Happiest Places in the World
52.11,Two,The Demonists (Demonist #1)
27.88,Two,"The Demon Prince of Momochi House, Vol. 4 (The Demon Prince of Momochi House #4)"
59.71,Three,The Bone Hunters (Lexy Vaughan & Steven Macaulay #2)
46.08,Five,The Beast (Black Dagger Brotherhood #14)
13.73,Five,Some Women
48.39,Five,Shopaholic Ties the Knot (Shopaholic #3)
49.45,Five,Paper and Fire (The Great Library #2)
19.67,Five,Outlander (Outlander #1)
12.36,Three,"Orchestra of Exiles: The Story of Bronislaw Huberman, the Israel Philharmonic, and the One Thousand Jews He Saved from Nazi Horrors"
20.02,Five,No One Here Gets Out Alive
12.75,Four,Night Shift (Night Shift #1-20)
47.51,Four,Needful Things
20.44,Four,Mockingjay (The Hunger Games #3)
34.79,Two,Misery
28.07,Four,Little Women (Little Women #1)
25.01,Three,It
13.9,Three,Harry Potter and the Sorcerer's Stone (Harry Potter #1)
24.17,Four,Harry Potter and the Prisoner of Azkaban (Harry Potter #3)
31.63,Four,Harry Potter and the Order of the Phoenix (Harry Potter #5)
48.75,Five,Harry Potter and the Half-Blood Prince (Harry Potter #6)
14.74,One,Harry Potter and the Chamber of Secrets (Harry Potter #2)
32.49,Three,Gone with the Wind
27.8,One,God Is Not Great: How Religion Poisons Everything
26.77,One,Girl With a Pearl Earring
50.44,Four,"Fruits Basket, Vol. 4 (Fruits Basket #4)"
34.93,Two,Far From True (Promise Falls Trilogy #2)
12.87,One,Dark Lover (Black Dagger Brotherhood #1)
48.94,Two,Confessions of a Shopaholic (Shopaholic #1)
13.38,Three,Changing the Game (Play by Play #2)
58.63,Three,Candide
21.94,One,Can You Keep a Secret?
26.58,Five,Atlas Shrugged
57.22,Three,Animal Farm
56.43,One,A Walk to Remember
55.65,Five,A New Earth: Awakening to Your Life's Purpose
27.62,One,"A History of God: The 4,000-Year Quest of Judaism, Christianity, and Islam"
49.56,Four,'Salem's Lot
34.77,One,Zero History (Blue Ant #3)
17.73,Three,Wuthering Heights
21.8,One,World War Z: An Oral History of the Zombie War
46.02,Three,Wild: From Lost to Found on the Pacific Crest Trail
18.13,One,"Where'd You Go, Bernadette"
30.89,Five,When You Are Engulfed in Flames
31.95,Three,We the People: The Modern-Day Figures Who Have Reshaped and Affirmed the Founding Fathers' Vision of America
24.04,One,We Are All Completely Beside Ourselves
32.36,Three,Walk the Edge (Thunder Road #2)
21.07,Five,Voyager (Outlander #3)
50.66,Three,Very Good Lives: The Fringe Benefits of Failure and the Importance of Imagination
13.66,Two,Vegan Vegetarian Omnivore: Dinner for Everyone at the Table
58.09,One,"Unstuffed: Decluttering Your Home, Mind, and Soul"
30.0,One,Under the Banner of Heaven: A Story of Violent Faith
32.74,Two,Two Boys Kissing
41.93,Two,Twilight (Twilight #1)
42.8,Two,Twenties Girl
53.51,One,"Trespassing Across America: One Man's Epic, Never-Done-Before (and Sort of Illegal) Hike Across the Heartland"
23.21,Three,Three-Martini Lunch
21.14,One,"Thinking, Fast and Slow"
56.07,Three,The Wild Robot
14.41,Three,"The Wicked + The Divine, Vol. 3: Commercial Suicide (The Wicked + The Divine)"
45.75,Four,The Undomestic Goddess
15.77,One,The Travelers
10.02,Two,The Tipping Point: How Little Things Can Make a Big Difference
48.77,One,The Thing About Jellyfish
57.86,Two,The Stand
23.59,One,The Smitten Kitchen Cookbook
23.05,Five,The Silkworm (Cormoran Strike #2)
55.55,Five,"The Sandman, Vol. 3: Dream Country (The Sandman (volumes) #3)"
58.64,Four,The Rose & the Dagger (The Wrath and the Dawn #2)
23.21,One,The Road to Little Dribbling: Adventures of an American in Britain (Notes From a Small Island #2)
42.57,Three,The Rise of Theodore Roosevelt (Theodore Roosevelt #1)
10.92,One,The Restaurant at the End of the Universe (Hitchhiker's Guide to the Galaxy #2)
34.77,One,The Rest Is Noise: Listening to the Twentieth Century
35.66,Five,The Red Tent
37.19,Three,The Purpose Driven Life: What on Earth Am I Here for?
12.25,One,The Purest Hook (Second Circle Tattoos #3)
29.7,Two,The Picture of Dorian Gray
36.8,Three,The Paris Wife
45.43,One,The Obsession
26.26,Four,The Nightingale
44.92,Three,The New Guy (and Other Senior Year Distractions)
52.53,Five,The Nanny Diaries (Nanny #1)
37.25,Two,The Name of God is Mercy
20.93,One,The Maze Runner (The Maze Runner #1)
58.09,Two,The Lover's Dictionary
43.59,Five,The Lonely Ones
33.92,Three,The Lean Startup: How Today's Entrepreneurs Use Continuous Innovation to Create Radically Successful Businesses
55.55,Two,The Last Painting of Sara de Vos
29.64,Four,"The Land of 10,000 Madonnas"
27.41,One,The Infinities
52.51,Five,The Husband's Secret
47.8,Three,The Hitchhiker's Guide to the Galaxy (Hitchhiker's Guide to the Galaxy #1)
14.54,Two,The Guns of August
49.53,One,The Guernsey Literary and Potato Peel Pie Society
43.58,Three,The Goldfinch
12.3,One,The Giver (The Giver Quartet #1)
49.47,Three,The Girl with All the Gifts
22.14,Two,The Girl Who Played with Fire (Millennium Trilogy #2)
57.48,One,The Girl Who Kicked the Hornet's Nest (Millennium Trilogy #3)
43.45,Three,The Exiled
22.13,Four,"The End of Faith: Religion, Terror, and the Future of Reason"
13.03,Four,"The Elegant Universe: Superstrings, Hidden Dimensions, and the Quest for the Ultimate Theory"
57.35,Five,"The Disappearing Spoon: And Other True Tales of Madness, Love, and the History of the World from the Periodic Table of the Elements"
44.29,One,The Devil Wears Prada (The Devil Wears Prada #1)
52.25,Four,The Demon-Haunted World: Science as a Candle in the Dark
26.33,Five,The Day the Crayons Came Home (Crayons)
22.96,Two,The Da Vinci Code (Robert Langdon #2)
19.21,One,The Cuckoo's Calling (Cormoran Strike #1)
26.78,Four,The Complete Stories and Poems (The Works of Edgar Allan Poe [Cameo Edition])
41.32,Five,The Complete Poems
24.55,One,The Catcher in the Rye
16.26,Two,The Cat in the Hat (Beginner Books B-1)
47.84,One,The Case for Christ (Cases for Christianity)
53.49,Two,The Book Thief
44.84,Five,The Book of Basketball: The NBA According to The Sports Guy
53.71,Five,The Blind Side: Evolution of a Game
23.43,Two,The Autobiography of Malcolm X
34.32,Three,"The Art of Simple Food: Notes, Lessons, and Recipes from a Delicious Revolution"
22.1,One,The Art of Fielding
25.83,Two,"Surely You're Joking, Mr. Feynman!: Adventures of a Curious Character"
36.74,Three,Stiff: The Curious Lives of Human Cadavers
49.51,One,Spilled Milk: Based on a True Story
48.96,Five,Something Borrowed (Darcy & Rachel #1)
54.62,One,Something Blue (Darcy & Rachel #2)
24.72,Two,Soldier (Talon #3)
46.45,Two,Shopaholic & Baby (Shopaholic #5)
52.33,Two,Seven Days in the Art World
30.6,Four,Seven Brief Lessons on Physics
14.57,Four,Scarlet (The Lunar Chronicles #2)
46.29,One,Sarah's Key
21.57,Five,"Saga, Volume 3 (Saga (Collected Editions) #3)"
12.91,Four,Running with Scissors
50.11,Three,Rogue Lawyer (Rogue Lawyer #1)
41.67,Four,"Rise of the Rocket Girls: The Women Who Propelled Us, from Missiles to the Moon to Mars"
44.88,Two,Rework
11.1,Three,Reservations for Two
28.54,Three,Red: The True Story of Red Riding Hood
19.07,Four,Ready Player One
43.55,One,Quiet: The Power of Introverts in a World That Can't Stop Talking
43.63,Three,Prodigy: The Graphic Novel (Legend: The Graphic Novel #2)
39.13,One,Persepolis: The Story of a Childhood (Persepolis #1-2)
56.68,Two,Packing for Mars: The Curious Science of Life in the Void
14.16,One,Outliers: The Story of Success
31.45,Three,Original Fake
24.61,Two,Orange Is the New Black
32.87,Two,One for the Money (Stephanie Plum #1)
40.17,One,Notes from a Small Island (Notes From a Small Island #1)
13.51,One,Night (The Night Trilogy #1)
38.95,Three,Neither Here nor There: Travels in Europe
31.69,Three,Naked
29.4,One,Morning Star (Red Rising #3)
57.83,One,"Miracles from Heaven: A Little Girl, Her Journey to Heaven, and Her Amazing Story of Healing"
55.46,Two,Midnight Riot (Peter Grant/ Rivers of London - books #1)
57.6,Two,Me Talk Pretty One Day
34.98,Two,Manuscript Found in Accra
11.87,Two,Lust & Wonder
12.47,Three,Lila (Gilead #3)
33.26,Two,"Life, the Universe and Everything (Hitchhiker's Guide to the Galaxy #3)"
59.04,Five,Life Without a Recipe
26.13,Two,Life After Life
22.2,One,Letter to a Christian Nation
45.11,One,Let's Pretend This Never Happened: A Mostly True Memoir
43.69,Four,Legend (Legend #1)
25.02,One,"Lean In: Women, Work, and the Will to Lead"
55.5,Five,"Lamb: The Gospel According to Biff, Christ's Childhood Pal"
53.04,Five,Lady Renegades (Rebel Belle #3)
44.97,One,Jurassic Park (Jurassic Park #1)
42.38,One,It's Never Too Late to Begin Again: Discovering Creativity and Meaning at Midlife and Beyond
20.11,Three,Is Everyone Hanging Out Without Me? (And Other Concerns)
56.7,Five,Into the Wild
41.0,Five,Inferno (Robert Langdon #4)
28.85,Three,"In the Garden of Beasts: Love, Terror, and an American Family in Hitler's Berlin"
49.97,Four,If I Run (If I Run #1)
19.69,One,I've Got Your Number
28.88,Two,I Am Malala: The Girl Who Stood Up for Education and Was Shot by the Taliban
33.14,Three,Hungry Girl Clean & Hungry: Easy All-Natural Recipes for Healthy Eating in the Real World
43.7,Two,"House of Lost Worlds: Dinosaurs, Dynasties, and the Story of Life on Earth"
54.89,One,House of Leaves
37.52,Two,Horrible Bear!
51.07,Two,Holidays on Ice
44.07,Four,Heir to the Sky
10.79,Four,Green Eggs and Ham (Beginner Books B-16)
42.72,One,"Grayson, Vol 3: Nemesis (Grayson #3)"
26.66,Five,Gratitude
37.6,Five,Gone Girl
42.21,Four,Golden (Heart of Dread #3)
46.83,Two,Girl in the Blue Coat
45.17,Two,"Fruits Basket, Vol. 3 (Fruits Basket #3)"
51.22,Three,"Friday Night Lights: A Town, a Team, and a Dream"
21.28,Four,Fire Bound (Sea Haven/Sisters of the Heart #5)
15.36,Five,Fifty Shades Freed (Fifty Shades #3)
38.62,One,Fellside
25.4,Three,Extreme Prey (Lucas Davenport #26)
43.87,Three,Eragon (The Inheritance Cycle #1)
18.74,One,Eclipse (Twilight #3)
54.86,One,Dune (Dune #1)
52.62,Three,Dracula
51.48,One,Do Androids Dream of Electric Sheep? (Blade Runner #1)
15.28,Five,Disrupted: My Misadventure in the Start-Up Bubble
39.24,Five,Dead Wake: The Last Crossing of the Lusitania
17.81,One,"David and Goliath: Underdogs, Misfits, and the Art of Battling Giants"
56.02,One,Darkfever (Fever #1)
23.9,Five,Dark Places
49.13,Five,Crazy Rich Asians (Crazy Rich Asians #1)
10.62,One,Counting Thyme
36.17,Two,Cosmos
59.95,Two,Civilization and Its Discontents
26.09,One,Cinder (The Lunar Chronicles #1)
37.35,Two,Catastrophic Happiness: Finding Joy in Childhood's Messy Years
24.72,Two,Career of Evil (Cormoran Strike #3)
35.28,Five,Breaking Dawn (Twilight #4)
51.32,Five,Brave Enough
21.12,Three,Boy Meets Boy
27.35,Two,"Born to Run: A Hidden Tribe, Superathletes, and the Greatest Race the World Has Never Seen"
21.74,Five,Blink: The Power of Thinking Without Thinking
40.87,One,Black Flags: The Rise of ISIS
49.31,One,"Black Butler, Vol. 1 (Black Butler #1)"
22.11,One,Big Little Lies
20.79,Five,Between Shades of Gray
27.41,Two,Best of My Love (Fool's Gold #20)
38.35,Two,Beowulf
21.55,Five,Beautiful Creatures (Caster Chronicles #1)
38.02,Two,Awkward
22.06,Four,Ash
10.66,Three,Are We There Yet?
56.58,One,Are We Smart Enough to Know How Smart Animals Are?
36.83,Five,Annie on My Mind
35.01,Two,And Then There Were None
30.48,Four,A Walk in the Woods: Rediscovering America on the Appalachian Trail
14.08,Five,A Visit from the Goon Squad
31.22,Two,A Storm of Swords (A Song of Ice and Fire #3)
54.29,Five,A Heartbreaking Work of Staggering Genius
31.04,One,8 Keys to Mental Health Through Exercise
50.96,One,#GIRLBOSS
11.89,Two,"The Suffragettes (Little Black Classics, #96)"
31.38,Three,The Sense of an Ending
54.81,One,"The Sandman, Vol. 2: The Doll's House (The Sandman (volumes) #2)"
16.78,Three,The Course of Love
24.42,One,Sugar Rush (Offensive Line #2)
11.75,Three,"Saga, Volume 2 (Saga (Collected Editions) #2)"
20.02,One,"Run, Spot, Run: The Ethics of Keeping Pets"
12.86,Four,New Moon (Twilight #2)
31.58,Five,Life
34.0,Three,Kindle Paperwhite User's Guide
57.42,Five,H is for Hawk
53.47,One,Girl Online On Tour (Girl Online #2)
11.64,Five,"Fruits Basket, Vol. 2 (Fruits Basket #2)"
52.88,Four,Diary of a Minecraft Zombie Book 1: A Scare of a Dare (An Unofficial Minecraft Book)
18.51,Four,"Y: The Last Man, Vol. 1: Unmanned (Y: The Last Man #1)"
41.32,Five,While You Were Mine
39.77,Three,Where Lightning Strikes (Bleeding Stars #3)
51.96,Three,When I'm Gone
39.51,Five,Ways of Seeing
15.4,One,"Vampire Knight, Vol. 1 (Vampire Knight #1)"
53.82,Two,Vampire Girl (Vampire Girl #1)
30.95,Four,Twenty Love Poems and a Song of Despair
57.82,Five,Travels with Charley: In Search of America
44.18,Two,Three Wishes (River of Time: California #1)
48.71,One,This One Moment (Pushing Limits #1)
19.69,Five,The Zombie Room
36.52,Two,"The Wicked + The Divine, Vol. 1: The Faust Act (The Wicked + The Divine)"
41.56,Five,The Tumor
43.19,Four,The Story of Hong Gildong
12.34,Five,The Silent Wife
36.25,Three,The Silent Twin (Detective Jennifer Knight #3)
29.45,One,The Selfish Gene
34.56,Three,The Secret Healer
54.12,Three,"The Sandman, Vol. 1: Preludes and Nocturnes (The Sandman (volumes) #1)"
33.78,Three,The Republic
29.64,Three,The Odyssey
57.7,Four,The No. 1 Ladies' Detective Agency (No. 1 Ladies' Detective Agency #1)
36.34,One,The Nicomachean Ethics
50.59,Three,The Name of the Wind (The Kingkiller Chronicle #1)
29.38,One,The Mirror & the Maze (The Wrath and the Dawn #1.5)
45.42,Two,The Little Prince
54.43,One,The Light of the Fireflies
36.26,Two,The Last Girl (The Dominion Trilogy #1)
16.16,One,The Iliad
36.29,Five,The Hook Up (Game On #1)
27.89,Five,The Haters
12.29,Five,The Girl You Lost
15.85,Three,The Girl In The Ice (DCI Erika Foster #1)
14.4,One,The End of the Jesus Era (An Investigation #1)
19.18,Four,The Edge of Reason (Bridget Jones #2)
10.64,Three,The Complete Maus (Maus #1-2)
14.76,Three,The Communist Manifesto
57.49,Three,The Bhagavad Gita
30.66,Three,The Bette Davis Club
40.83,Four,The Art of Not Breathing
18.88,Two,Taking Shots (Assassins #1)
25.83,Three,Starlark
42.12,Three,"Skip Beat!, Vol. 01 (Skip Beat! #1)"
13.33,Three,Sister Sable (The Mad Queen #1)
42.4,One,Shatter Me (Shatter Me #1)
58.35,Three,Shameless
21.72,Four,Shadow Rites (Jane Yellowrock #10)
44.91,Two,Settling the Score (The Summer Games #1)
37.46,One,Sense and Sensibility
28.48,One,"Saga, Volume 1 (Saga (Collected Editions) #1)"
28.34,Two,"Rhythm, Chord & Malykhin"
46.96,Five,"Rat Queens, Vol. 1: Sass & Sorcery (Rat Queens (Collected Editions) #1-5)"
24.96,One,Paradise Lost (Paradise #1)
21.71,Four,"Paper Girls, Vol. 1 (Paper Girls #1-5)"
29.87,Three,"Ouran High School Host Club, Vol. 1 (Ouran High School Host Club #1)"
28.99,One,Origins (Alphas 0.5)
52.94,Two,One Second (Seven #7)
32.36,Three,On the Road (Duluoz Legend)
55.66,Two,Old Records Never Die: One Man's Quest for His Vinyl and His Past
39.45,Five,Off Sides (Off #1)
47.11,Two,Of Mice and Men
58.75,Four,Myriad (Prentor #1)
38.92,Two,My Perfect Mistake (Over the Top #1)
39.39,Four,"Ms. Marvel, Vol. 1: No Normal (Ms. Marvel (2014-2015) #1)"
25.89,Two,Meditations
28.34,One,Matilda
27.7,Four,Lost Among the Living
24.89,Three,Lord of the Flies
58.99,Three,Listen to Me (Fusion #1)
57.2,Five,Kitchens of the Great Midwest
38.43,Five,Jane Eyre
34.74,Four,Imperfect Harmony
40.44,Four,Icing (Aces Hockey #2)
45.24,Three,"Hawkeye, Vol. 1: My Life as a Weapon (Hawkeye #1)"
34.96,Four,Having the Barbarian's Baby (Ice Planet Barbarians #7.5)
56.76,Four,"Giant Days, Vol. 1 (Giant Days #1-4)"
40.28,Five,"Fruits Basket, Vol. 1 (Fruits Basket #1)"
38.0,Two,Frankenstein
28.8,Three,Forever Rockers (The Rocker #12)
39.24,Three,Fighting Fate (Fighting #6)
32.93,Two,Emma
51.32,Three,"Eat, Pray, Love"
47.09,Five,Deep Under (Walker Security #1)
28.42,Four,Choosing Our Religion: The Spiritual Lives of America's Nones
22.85,Three,Charlie and the Chocolate Factory (Charlie Bucket #1)
41.24,One,Charity's Cross (Charles Towne Belles #4)
39.07,Five,Bright Lines
29.82,One,Bridget Jones's Diary (Bridget Jones #1)
37.26,Four,Bounty (Colorado Mountain #7)
20.3,Three,Blood Defense (Samantha Brinkman #1)
34.65,Five,"Bleach, Vol. 1: Strawberry and the Soul Reapers (Bleach #1)"
43.38,One,Beyond Good and Evil
55.53,One,Alice in Wonderland (Alice's Adventures in Wonderland #1)
57.06,Four,"Ajin: Demi-Human, Volume 1 (Ajin: Demi-Human #1)"
16.97,Five,A Spy's Devotion (The Regency Spies of London #1)
53.98,One,1st to Die (Women's Murder Club #1)
26.08,Five,"1,000 Places to See Before You Die"
price,rating,title
51.77,Three,A Light in the Attic
53.74,One,Tipping the Velvet
50.1,One,Soumission
47.82,Four,Sharp Objects
54.23,Five,Sapiens: A Brief History of Humankind
22.65,One,The Requiem Red
33.34,Four,The Dirty Little Secrets of Getting Your Dream Job
17.93,Three,"The Coming Woman: A Novel Based on the Life of the Infamous Feminist, Victoria Woodhull"
22.6,Four,The Boys in the Boat: Nine Americans and Their Epic Quest for Gold at the 1936 Berlin Olympics
52.15,One,The Black Maria
13.99,Two,"Starving Hearts (Triangular Trade Trilogy, #1)"
20.66,Four,Shakespeare's Sonnets
17.46,Five,Set Me Free
52.29,Five,Scott Pilgrim's Precious Little Life (Scott Pilgrim #1)
35.02,Five,Rip it Up and Start Again
57.25,Three,"Our Band Could Be Your Life: Scenes from the American Indie Underground, 1981-1991"
23.88,One,Olio
37.59,One,Mesaerion: The Best Science Fiction Stories 1800-1849
51.33,Two,Libertarianism for Beginners
45.17,Two,It's Only the Himalayas
12.84,One,In Her Wake
37.32,Two,How Music Works
30.52,Three,"Foolproof Preserving: A Guide to Small Batch Jams, Jellies, Pickles, Condiments, and More: A Foolproof Guide to Making Small Batch Jams, Jellies, Pickles, Condiments, and More"
25.27,Five,Chase Me (Paris Nights #2)
34.53,Five,Black Dust
54.64,Three,Birdsong: A Story in Pictures
22.5,Three,America's Cradle of Quarterbacks: Western Pennsylvania's Football Factory from Johnny Unitas to Joe Montana
53.13,Three,Aladdin and His Wonderful Lamp
40.3,Five,Worlds Elsewhere: Journeys Around Shakespeare’s Globe
44.18,Four,Wall and Piece
17.66,Five,The Four Agreements: A Practical Guide to Personal Freedom
31.05,Three,The Five Love Languages: How to Express Heartfelt Commitment to Your Mate
23.82,Five,The Elephant Tree
36.89,One,The Bear and the Piano
15.94,Five,Sophie's World
33.29,Three,Penny Maybe
18.02,Two,Maude (1883-1993):She Grew Up with the country
19.63,One,"In a Dark, Dark Wood"
52.22,Four,Behind Closed Doors
33.63,Two,You can't bury them all: Poems
57.31,Three,Slow States of Collapse: Poems
26.41,Two,Reasons to Stay Alive
47.61,Five,Private Paris (Private #10)
23.11,Five,#HigherSelfie: Wake Up Your Life. Free Your Soul. Find Your Tribe.
45.07,Two,Without Borders (Wanderlove #1)
31.77,One,When We Collided
50.27,Five,"We Love You, Charlie Freeman"
14.27,Four,Untitled Collection: Sabbath Poems 2014
44.18,Four,"Unseen City: The Majesty of Pigeons, the Discreet Charm of Snails & Other Wonders of the Urban Wilderness"
18.78,Three,Unicorn Tracks
25.52,One,"Unbound: How Eight Technologies Made Us Human, Transformed Society, and Brought Our World to the Brink"
16.28,One,Tsubasa: WoRLD CHRoNiCLE 2 (Tsubasa WoRLD CHRoNiCLE #2)
31.12,Three,Throwing Rocks at the Google Bus: How Growth Became the Enemy of Prosperity
19.49,Four,This One Summer
17.27,Five,Thirst
19.09,One,The Torch Is Passed: A Harding Family Story
56.13,One,The Secret of Dreadwillow Carse
56.41,One,"The Pioneer Woman Cooks: Dinnertime: Comfort Classics, Freezer Food, 16-Minute Meals, and Other Delicious Ways to Solve Supper!"
56.5,Four,The Past Never Ends
45.22,Three,The Natural History of Us (The Fine Art of Pretending #2)
38.16,Four,The Nameless City (The Nameless City #1)
54.11,Three,The Murder That Never Was (Forensic Instincts #5)
42.96,Four,The Most Perfect Thing: Inside (and Outside) a Bird's Egg
23.89,Four,"The Mindfulness and Acceptance Workbook for Anxiety: A Guide to Breaking Free from Anxiety, Phobias, and Worry Using Acceptance and Commitment Therapy"
16.77,Three,The Life-Changing Magic of Tidying Up: The Japanese Art of Decluttering and Organizing
20.59,Five,"The Inefficiency Assassin: Time Management Tactics for Working Smarter, Not Longer"
37.13,One,The Gutsy Girl: Escapades for Your Life of Epic Adventure
56.06,One,The Electric Pencil: Drawings from Inside State Hospital No. 3
58.11,Four,The Death of Humanity: and the Case for Life
49.05,Three,"The Bulletproof Diet: Lose up to a Pound a Day, Reclaim Energy and Focus, Upgrade Your Life"
40.76,Three,The Art Forger
19.73,One,The Age of Genius: The Seventeenth Century and the Birth of the Modern Mind
32.24,Five,The Activist's Tao Te Ching: Ancient Advice for a Modern Revolution
41.83,Four,Spark Joy: An Illustrated Master Class on the Art of Organizing and Tidying Up
39.58,Two,Soul Reader
39.25,Two,Security
25.02,Three,"Saga, Volume 6 (Saga (Collected Editions) #6)"
51.04,Two,"Saga, Volume 5 (Saga (Collected Editions) #5)"
19.83,Two,Reskilling America: Learning to Labor in the Twenty-First Century
50.4,Three,"Rat Queens, Vol. 3: Demons (Rat Queens (Collected Editions) #11-15)"
13.61,Five,"Princess Jellyfish 2-in-1 Omnibus, Vol. 01 (Princess Jellyfish 2-in-1 Omnibus #1)"
13.34,Five,Princess Between Worlds (Wide-Awake Princess #5)
18.97,One,"Pop Gun War, Volume 1: Gift"
36.28,Two,"Political Suicide: Missteps, Peccadilloes, Bad Calls, Backroom Hijinx, Sordid Pasts, Rotten Breaks, and Just Plain Dumb Mistakes in the Annals of American Politics"
10.16,Three,Patience
15.44,Four,"Outcast, Vol. 1: A Darkness Surrounds Him (Outcast #1)"
48.41,One,orange: The Complete Collection 1 (orange: The Complete Collection #1)
46.35,One,Online Marketing for Busy Authors: A Step-By-Step Guide
14.07,Three,On a Midnight Clear
14.86,Two,Obsidian (Lux #1)
33.37,Two,My Paris Kitchen: Recipes and Stories
56.4,Two,Masks and Shadows
14.02,Four,"Mama Tried: Traditional Italian Cooking for the Screwed, Crude, Vegan, and Tattooed"
46.91,Two,"Lumberjanes, Vol. 2: Friendship to the Max (Lumberjanes #5-8)"
45.61,Three,"Lumberjanes, Vol. 1: Beware the Kitten Holy (Lumberjanes #1-4)"
19.92,Two,Lumberjanes Vol. 3: A Terrible Plan (Lumberjanes #9-12)
40.11,One,"Layered: Baking, Building, and Styling Spectacular Cakes"
53.9,Two,Judo: Seven Steps to Black Belt (an Introductory Guide for Beginners)
35.67,Five,Join
22.0,Four,In the Country We Love: My Family Divided
57.36,Five,Immunity: How Elie Metchnikoff Changed the Course of Modern Medicine
29.17,Two,"I Hate Fairyland, Vol. 1: Madly Ever After (I Hate Fairyland (Compilations) #1-5)"
54.63,Three,I am a Hero Omnibus Volume 1
46.03,One,How to Be Miserable: 40 Strategies You Already Use
33.97,One,Her Backup Boyfriend (The Sorensen Family #1)
22.11,Two,"Giant Days, Vol. 2 (Giant Days #5-8)"
29.69,Three,Forever and Forever: The Courtship of Henry Longfellow and Fanny Appleton
15.97,Four,First and First (Five Boroughs #3)
21.96,One,Fifty Shades Darker (Fifty Shades #2)
54.35,Two,Everydata: The Misinformation Hidden in the Little Data You Consume Every Day
37.97,Two,"Don't Be a Jerk: And Other Practical Advice from Dogen, Japan's Greatest Zen Master"
51.99,Four,Danganronpa Volume 1
43.29,Three,Crown of Midnight (Throne of Glass #2)
36.72,Four,"Codename Baboushka, Volume 1: The Conclave of Death"
17.08,Four,Camp Midnight
29.14,Five,Call the Nurse: True Stories of a Country Nurse on a Scottish Isle
28.81,Three,Burning
49.46,Two,Bossypants
37.92,Two,"Bitch Planet, Vol. 1: Extraordinary Machine (Bitch Planet (Collected Editions))"
28.09,Two,"Avatar: The Last Airbender: Smoke and Shadow, Part 3 (Smoke and Shadow #3)"
30.81,One,Algorithms to Live By: The Computer Science of Human Decisions
42.95,One,A World of Flavor: Your Gluten Free Passport
56.76,Five,"A Piece of Sky, a Grain of Rice: A Memoir in Four Meditations"
16.64,One,A Murder in Time
55.53,Five,A Flight of Arrows (The Pathfinders #2)
28.13,Four,A Fierce and Subtle Poison
52.37,One,A Court of Thorns and Roses (A Court of Thorns and Roses #1)
54.0,Five,(Un)Qualified: How God Uses Broken People to Do Big Things
21.87,Four,You Are What You Love: The Spiritual Power of Habit
43.3,Four,"William Shakespeare's Star Wars: Verily, A New Hope (William Shakespeare's Star Wars #4)"
21.04,Two,Tuesday Nights in 1980
41.6,Three,Tracing Numbers on a Train
35.07,Three,Throne of Glass (Throne of Glass #1)
59.64,One,Thomas Jefferson and the Tripoli Pirates: The Forgotten War That Changed American History
52.72,One,Thirteen Reasons Why
58.08,Four,The White Cat and the Monk: A Retelling of the Poem “Pangur Bán”
24.12,One,The Wedding Dress
42.15,Four,The Vacationers
12.61,Five,The Third Wave: An Entrepreneur’s Vision of the Future
17.44,Four,The Stranger
33.14,One,The Shadow Hero (The Shadow Hero)
27.37,Four,The Secret (The Secret #1)
51.36,Five,The Regional Office Is Under Attack!
36.0,Two,The Psychopath Test: A Journey Through the Madness Industry
10.65,One,The Project
43.54,Two,The Power of Now: A Guide to Spiritual Enlightenment
38.21,Two,The Omnivore's Dilemma: A Natural History of Four Meals
37.34,Five,The Nerdy Nummies Cookbook: Sweet Treats for the Geek in All of Us
44.1,Four,The Murder of Roger Ackroyd (Hercule Poirot #4)
43.29,Three,The Mistake (Off-Campus #2)
55.85,One,The Matchmaker's Playbook (Wingmen Inc. #1)
37.6,Two,The Love and Lemons Cookbook: An Apple-to-Zucchini Celebration of Impromptu Cooking
10.97,One,The Long Shadow of Small Ghosts: Murder and Memory in an American City
41.82,Four,The Kite Runner
36.95,One,The House by the Lake
44.28,One,The Glittering Court (The Glittering Court #1)
55.02,Two,The Girl on the Train
17.24,One,The Genius of Birds
23.15,Two,The Emerald Mystery
41.25,One,The Cookies & Cups Cookbook: 125+ sweet & savory recipes reminding you to Always Eat Dessert First
32.0,Three,The Bridge to Consciousness: I'm Writing the Bridge Between Science and Our Old and New Beliefs.
38.49,Five,The Artist's Way: A Spiritual Path to Higher Creativity
33.34,Five,The Art of War
10.93,Two,The Argonauts
27.55,Three,The 10% Entrepreneur: Live Your Startup Dream Without Quitting Your Day Job
55.99,Two,Suddenly in Love (Lake Haven #1)
16.24,Four,Something More Than This
26.12,Two,Soft Apocalypse
12.23,Two,So You've Been Publicly Shamed
23.99,Two,Shoe Dog: A Memoir by the Creator of NIKE
29.06,Three,"Shobu Samurai, Project Aryoku (#3)"
20.27,One,Secrets and Lace (Fatal Hearts #1)
43.55,Five,Scarlett Epstein Hates It Here
36.94,One,Romero and Juliet: A Tragic Tale of Love and Zombies
20.47,Five,Redeeming Love
41.06,One,Poses for Artists Volume 1 - Dynamic and Sitting Poses: An Essential Reference for Figure Drawing and the Human Form
14.19,Four,Poems That Make Grown Women Cry
38.28,One,"Nightingale, Sing"
41.05,One,Night Sky with Exit Wounds
30.25,Five,Mrs. Houdini
28.26,Five,Modern Romance
10.76,One,Miss Peregrine’s Home for Peculiar Children (Miss Peregrine’s Peculiar Children #1)
16.85,Two,Louisa: The Extraordinary Life of Mrs. Adams
13.47,Three,Little Red
48.56,Five,Library of Souls (Miss Peregrine’s Peculiar Children #3)
19.15,Two,Large Print Heart of the Pride
57.36,Four,I Had a Nice Time And Other Lies...: How to find love & sh*t like that
42.98,One,Hollow City (Miss Peregrine’s Peculiar Children #2)
22.16,Two,Grumbles
49.43,Four,Full Moon over Noah’s Ark: An Odyssey to Mount Ararat and Beyond
29.99,Five,Frostbite (Vampire Academy #2)
21.36,One,Follow You Home
29.0,One,First Steps for New Christians (Print Edition)
53.53,Five,Finders Keepers (Bill Hodges Trilogy #2)
41.62,Four,"Fables, Vol. 1: Legends in Exile (Fables #1)"
54.59,Four,Eureka Trivia 6.0
34.95,Four,Drive: The Surprising Truth About What Motivates Us
37.72,Five,Done Rubbed Out (Reightman & Bailey #1)
35.61,Three,Doing It Over (Most Likely To #1)
42.16,Three,"Deliciously Ella Every Day: Quick and Easy Recipes for Gluten-Free Snacks, Packed Lunches, and Simple Meals"
19.19,Five,Dark Notes
19.43,Three,"Daring Greatly: How the Courage to Be Vulnerable Transforms the Way We Live, Love, Parent, and Lead"
49.46,Four,Close to You
37.8,Two,Chasing Heaven: What Dying Taught Me About Living
30.8,Three,Big Magic: Creative Living Beyond Fear
27.43,Two,Becoming Wise: An Inquiry into the Mystery and Art of Living
11.11,Two,Beauty Restored (Riley Family Legacy Novellas #3)
36.5,Two,Batman: The Long Halloween (Batman)
15.38,Five,Batman: The Dark Knight Returns (Batman)
15.48,Two,Ayumi's Violin
46.82,Four,Anonymous
18.46,Three,Amy Meets the Saints and Sages
36.58,One,Amid the Chaos
50.54,Five,Amatus
12.51,Five,Agnostic: A Spirited Manifesto
24.7,Three,Zealot: The Life and Times of Jesus of Nazareth
43.61,Five,You (You #1)
37.34,Four,"Wonder Woman: Earth One, Volume One (Wonder Woman: Earth One #1)"
14.36,Two,Wild Swans
52.65,Four,Why the Right Went Wrong: Conservatism--From Goldwater to the Tea Party and Beyond
38.2,Four,Whole Lotta Creativity Going On: 60 Fun and Unusual Exercises to Awaken and Strengthen Your Creativity
19.6,Two,What's It Like in Space?: Stories from Astronauts Who've Been There
53.9,One,"We Are Robin, Vol. 1: The Vigilante Business (We Are Robin #1)"
12.96,Five,Walt Disney's Alice in Wonderland
37.1,Four,V for Vendetta (V for Vendetta Complete)
46.31,Two,Until Friday Night (The Field Party #1)
45.95,Two,"Unbroken: A World War II Story of Survival, Resilience, and Redemption"
22.08,Two,Twenty Yawns
25.38,Two,Through the Woods
27.12,Two,This Is Where It Ends
43.04,Two,The Year of Magical Thinking
56.8,Four,The Wright Brothers
25.91,Five,The White Queen (The Cousins' War #1)
32.61,Three,The Wedding Pact (The O'Malleys #2)
27.88,Five,The Time Keeper
52.67,Four,The Testament of Mary
46.02,Five,The Star-Touched Queen
44.48,Five,The Songs of the Gods
37.4,Five,The Song of Achilles
54.04,One,The Rosie Project (Don Tillman #1)
16.88,Three,The Power of Habit: Why We Do What We Do in Life and Business
28.08,Four,The Marriage of Opposites
10.4,One,The Lucifer Effect: Understanding How Good People Turn Evil
44.07,One,The Long Haul (Diary of a Wimpy Kid #9)
23.4,One,The Loney
17.43,Three,The Literature Book (Big Ideas Simply Explained)
54.21,Two,The Last Mile (Amos Decker #2)
40.67,Two,The Immortal Life of Henrietta Lacks
52.26,Two,The Hidden Oracle (The Trials of Apollo #1)
28.77,Three,The Help Yourself Cookbook for Kids: 60 Easy Plant-Based Recipes Kids Can Make to Stay Healthy and Save the Earth
13.82,Two,The Guilty (Will Robie #4)
25.85,Three,The First Hostage (J.B. Collins #2)
48.78,One,The Dovekeepers
35.35,Five,The Darkest Lie
44.73,Four,The Bane Chronicles (The Bane Chronicles #1-11)
15.77,One,The Bad-Ass Librarians of Timbuktu: And Their Race to Save the World’s Most Precious Manuscripts
39.24,One,The 14th Colony (Cotton Malone #11)
13.92,One,That Darkness (Gardiner and Renner #1)
10.69,One,Tastes Like Fear (DI Marnie Rome #3)
45.21,Three,Take Me with You
45.58,One,Swell: A Year of Waves
11.89,Five,Superman Vol. 1: Before Truth (Superman by Gene Luen Yang #1)
26.41,Three,Still Life with Bread Crumbs
39.5,Five,Steve Jobs
44.74,Four,Sorting the Beef from the Bull: The Science of Food Fraud Forensics
52.79,Five,Someone Like You (The Harrisons #2)
35.43,Four,"So Cute It Hurts!!, Vol. 6 (So Cute It Hurts!! #6)"
55.84,Four,Shtum
48.87,Three,See America: A Celebration of Our National Parks & Treasured Sites
46.78,Four,salt.
47.82,Three,Robin War
25.48,Two,"Red Hood/Arsenal, Vol. 1: Open for Business (Red Hood/Arsenal #1)"
23.57,Three,Rain Fish
50.89,Five,"Quarter Life Poetry: Poems for the Young, Broke and Hangry"
10.56,Three,Pet Sematary
52.15,Three,"Overload: How to Unplug, Unwind, and Unleash Yourself from the Pressure of Stress"
18.28,Two,Once Was a Time
11.83,Five,Old School (Diary of a Wimpy Kid #10)
21.95,Two,No Dream Is Too High: Life Lessons From a Man Who Walked on the Moon
38.39,Two,"Naruto (3-in-1 Edition), Vol. 14: Includes Vols. 40, 41 & 42 (Naruto: Omnibus #14)"
41.56,One,My Name Is Lucy Barton
24.48,Three,My Mrs. Brown
40.36,One,My Kind of Crazy
28.9,One,Mr. Mercedes (Bill Hodges Trilogy #1)
37.61,Two,More Than Music (Chasing the Dream #1)
38.85,Five,Made to Stick: Why Some Ideas Survive and Others Die
53.95,Three,Luis Paints the World
49.83,Three,Luckiest Girl Alive
51.51,Two,Lowriders to the Center of the Earth (Lowriders in Space #2)
18.03,One,Love Is a Mix Tape (Music #1)
29.14,Five,Looking for Lovely: Collecting the Moments that Matter
46.91,Four,"Living Leadership by Insight: A Good Leader Achieves, a Great Leader Builds Monuments"
26.79,Five,Let It Out: A Journey Through Journaling
16.28,Five,Lady Midnight (The Dark Artifices #1)
19.55,One,"It's All Easy: Healthy, Delicious Weeknight Meals in under 30 Minutes"
29.65,One,Island of Dragons (Unwanteds #7)
25.98,Four,I Know What I'm Doing -- and Other Lies I Tell Myself: Dispatches from a Life Under Construction
10.6,Four,I Am Pilgrim (Pilgrim #1)
14.75,Five,"Hyperbole and a Half: Unfortunate Situations, Flawed Coping Mechanisms, Mayhem, and Other Things That Happened"
47.02,Three,"Hush, Hush (Hush, Hush #1)"
28.82,One,Hold Your Breath (Search and Rescue #1)
58.79,Three,Hamilton: The Revolution
10.23,Five,Greek Mythic History
30.03,Five,God: The Most Unpleasant Character in All Fiction
45.84,Three,Glory over Everything: Beyond The Kitchen House
49.05,Three,Feathers: Displays of Brilliant Plumage
15.06,Four,"Far & Away: Places on the Brink of Change: Seven Continents, Twenty-Five Years"
46.47,Three,Every Last Word
27.09,Three,Eligible (The Austen Project #4)
57.62,Five,El Deafo
14.39,Four,Eight Hundred Grapes
51.75,Five,"Eaternity: More than 150 Deliciously Easy Vegan Recipes for a Long, Healthy, Satisfied, Joyful Life"
54.07,Two,"Eat Fat, Get Thin"
55.35,One,Don't Get Caught
40.12,Two,Doctor Sleep (The Shining #2)
37.51,Five,Demigods & Magicians: Percy and Annabeth Meet the Kanes (Percy Jackson & Kane Chronicles Crossover #1-3)
11.21,Five,Dear Mr. Knightley
36.58,One,Daily Fantasy Sports
47.72,Two,Crazy Love: Overwhelmed by a Relentless God
25.01,Three,Cometh the Hour (The Clifton Chronicles #6)
22.13,Four,Code Name Verity (Code Name Verity #1)
44.14,One,Clockwork Angel (The Infernal Devices #1)
56.02,Four,City of Glass (The Mortal Instruments #3)
11.23,Four,City of Fallen Angels (The Mortal Instruments #4)
43.28,One,City of Bones (The Mortal Instruments #1)
47.27,One,City of Ashes (The Mortal Instruments #2)
20.29,Four,Cell
50.83,Three,Catching Jordan (Hundred Oaks)
31.85,Three,"Carry On, Warrior: Thoughts on Life Unarmed"
46.23,Two,Carrie
37.8,Four,Buying In: The Secret Dialogue Between What We Buy and Who We Are
49.32,Five,Brain on Fire: My Month of Madness
32.01,Two,Batman: Europa
28.01,One,Barefoot Contessa Back to Basics
50.62,Five,Barefoot Contessa at Home: Everyday Recipes You'll Make Over and Over Again
17.03,Three,Balloon Animals
48.8,Three,Art Ops Vol. 1
58.14,Four,Aristotle and Dante Discover the Secrets of the Universe (Aristotle and Dante Discover the Secrets of the Universe #1)
34.2,Two,Angels Walking (Angels Walking #1)
51.48,Three,Angels & Demons (Robert Langdon #1)
29.87,Five,All the Light We Cannot See
10.9,Two,"Adulthood Is a Myth: A ""Sarah's Scribbles"" Collection"
56.37,Five,Abstract City
48.35,Five,A Time of Torment (Charlie Parker #14)
16.73,Two,A Study in Scarlet (Sherlock Holmes #1)
56.48,Two,"A Series of Catastrophes and Miracles: A True Story of Love, Science, and Cancer"
40.79,Two,A People's History of the United States
39.72,One,A Man Called Ove
14.58,Three,A Distant Mirror: The Calamitous 14th Century
55.51,One,A Brush of Wings (Angels Walking #3)
21.8,Three,1491: New Revelations of the Americas Before Columbus
13.33,Three,"The Three Searches, Meaning, and the Story"
38.73,One,Searching for Meaning in Gailana
37.86,Four,Rook
11.53,Two,My Kitchen Year: 136 Recipes That Saved My Life
27.06,One,13 Hours: The Inside Account of What Really Happened In Benghazi
13.86,Three,Will You Won't You Want Me?
37.55,One,Tipping Point for Planet Earth: How Close Are We to the Edge?
46.29,Five,The Silent Sister (Riley MacPherson #1)
26.2,One,The Midnight Watch: A Novel of the Titanic and the Californian
33.26,Two,The Lonely City: Adventures in the Art of Being Alone
59.15,Four,The Gray Rhino: How to Recognize and Act on the Obvious Dangers We Ignore
39.43,One,The Golden Condom: And Other Essays on Love Lost and Found
14.44,Five,The Epidemic (The Program 0.6)
56.54,Two,The Dinner Party
59.9,Three,The Diary of a Young Girl
11.88,Three,The Children
48.05,Two,Stars Above (The Lunar Chronicles #4.5)
21.21,Three,Snatched: How A Drug Queen Went Undercover for the DEA and Was Kidnapped By Colombian Guerillas
49.67,Four,Raspberry Pi Electronics Projects for the Evil Genius
43.14,One,Quench Your Own Thirst: Business Lessons Learned Over a Beer or Two
36.97,Five,Psycho: Sanitarium (Psycho #1.5)
26.8,Three,Poisonous (Max Revere Novels #3)
15.71,Four,One with You (Crossfire #5)
54.65,Four,No Love Allowed (Dodge Cove #1)
54.36,Four,Murder at the 42nd Street Library (Raymond Ambler #1)
35.28,Three,Most Wanted
20.55,Two,"Love, Lies and Spies"
58.32,Five,How to Speak Golf: An Illustrated Guide to Links Lingo
11.84,One,Hide Away (Eve Duncan #20)
41.46,Four,Furiously Happy: A Funny Book About Horrible Things
20.1,Five,Everyday Italian: 125 Simple and Delicious Recipes
56.86,One,Equal Is Unfair: America's Misguided Fight Against Income Inequality
56.51,Five,Eleanor & Park
40.83,Four,Dirty (Dive Bar #1)
48.64,One,Can You Keep a Secret? (Fear Street Relaunch #4)
59.48,Three,Boar Island (Anna Pigeon #19)
39.01,Four,A Paris Apartment
38.77,One,"A la Mode: 120 Recipes in 60 Pairings: Pies, Tarts, Cakes, Crisps, and More Topped with Ice Cream, Gelato, Frozen Custard, and More"
48.39,Two,Troublemaker: Surviving Hollywood and Scientology
27.26,Two,The Widow
11.68,Four,"The Sleep Revolution: Transforming Your Life, One Night at a Time"
59.45,One,The Improbability of Love
21.0,Three,The Art of Startup Fundraising
53.98,Three,Take Me Home Tonight (Rock Star Romance #3)
48.74,One,Sleeping Giants (Themis Files #1)
21.15,Two,"Setting the World on Fire: The Brief, Astonishing Life of St. Catherine of Siena"
13.71,Three,Playing with Fire
47.67,Three,Off the Hook (Fishing for Trouble #1)
13.34,Two,Mothering Sunday
16.89,Five,"Mother, Can You Not?"
27.18,One,M Train
17.28,Two,Lilac Girls
45.14,One,Lies and Other Acts of Love
40.85,One,Lab Girl
20.46,Four,Keep Me Posted
56.27,Three,It Didn't Start with You: How Inherited Family Trauma Shapes Who We Are and How to End the Cycle
48.49,Four,Grey (Fifty Shades #4)
51.34,Four,"Exit, Pursued by a Bear"
16.34,Three,Daredevils
20.5,Three,Cravings: Recipes for What You Want to Eat
21.59,Five,Born for This: How to Find the Work You Were Meant to Do
21.36,Four,Arena
20.88,Five,Adultery
19.53,Three,A Mother's Reckoning: Living in the Aftermath of Tragedy
14.75,Five,A Gentleman's Position (Society of Gentlemen #3)
48.48,Three,11/22/63
24.57,Two,"10% Happier: How I Tamed the Voice in My Head, Reduced Stress Without Losing My Edge, and Found Self-Help That Actually Works"
49.71,Five,10-Day Green Smoothie Cleanse: Lose Up to 15 Pounds in 10 Days!
48.27,Five,Without Shame
58.05,Four,Watchmen
58.87,Four,Unlimited Intuition Now
11.82,Two,Underlying Notes
28.03,One,The Shack
44.05,Five,The New Brand You: Your New Image Makes the Sale for You
12.34,Four,"The Moosewood Cookbook: Recipes from Moosewood Restaurant, Ithaca, New York"
16.68,Two,The Flowers Lied
55.91,One,"The Fabric of the Cosmos: Space, Time, and the Texture of Reality"
24.57,Three,The Book of Mormon
52.98,Five,The Art and Science of Low Carbohydrate Living
54.4,One,The Alien Club
54.81,Five,Suzie Snowflake: One beautiful flake (a self-esteem story)
25.08,One,Nap-a-Roo
10.41,Four,"NaNo What Now? Finding your editing process, revising your NaNoWriMo book and building a writing career through publishing and beyond"
47.44,Two,Modern Day Fables
20.91,One,If I Gave You God's Phone Number....: Searching for Spirituality in America
33.95,Four,"Fruits Basket, Vol. 9 (Fruits Basket #9)"
43.68,Three,Dress Your Family in Corduroy and Denim
33.23,One,Don't Forget Steven
35.92,Two,Chernobyl 01:23:40: The Incredible True Story of the World's Worst Nuclear Disaster
48.63,Four,Art and Fear: Observations on the Perils (and Rewards) of Artmaking
56.63,Three,A Shard of Ice (The Black Symphony Saga #1)
50.49,Three,A Hero's Curse (The Unseen Chronicles #1)
35.79,Two,23 Degrees South: A Tropical Tale of Changing Whether...
34.06,Three,"Zero to One: Notes on Startups, or How to Build the Future"
17.76,One,Why Not Me?
39.36,Two,When Breath Becomes Air
36.94,Two,Vagabonding: An Uncommon Guide to the Art of Long-Term World Travel
43.62,Five,The Unlikely Pilgrimage of Harold Fry (Harold Fry #1)
43.02,Three,The New Drawing on the Right Side of the Brain
28.45,Four,"The Midnight Assassin: Panic, Scandal, and the Hunt for America's First Serial Killer"
41.39,Two,The Martian (The Martian #1)
51.15,One,The High Mountains of Portugal
35.88,One,The Grownup
36.91,One,The E-Myth Revisited: Why Most Small Businesses Don't Work and What to Do About It
28.93,One,South of Sunshine
38.89,Five,Smarter Faster Better: The Secrets of Being Productive in Life and Business
58.33,Three,Silence in the Dark (Logan Point #4)
39.67,Five,Shadows of the Past (Logan Point #1)
14.1,Five,Roller Girl
21.82,Three,Rising Strong
54.21,One,Proofs of God: Classical Arguments from Tertullian to Barth
31.19,Four,Please Kill Me: The Uncensored Oral History of Punk
53.64,Five,Out of Print: City Lights Spotlight No. 14
36.39,Five,My Life Next Door (My Life Next Door )
58.54,Two,Miller's Valley
29.48,Three,Man's Search for Meaning
25.06,Two,"Love That Boy: What Two Presidents, Eight Road Trips, and My Son Taught Me About a Parent's Expectations"
12.55,Three,Living Forward: A Proven Plan to Stop Drifting and Get the Life You Want
29.04,Five,Les Fleurs du Mal
40.72,Two,Left Behind (Left Behind #1)
45.05,Five,Kill 'Em and Leave: Searching for James Brown and the American Soul
47.13,One,Kierkegaard: A Christian Missionary to Christians
20.22,Four,John Vassos: Industrial Design for Modern Life
56.48,One,I'll Give You the Sun
44.21,One,I Will Find You
21.96,Four,Hystopia: A Novel
40.45,Two,Howl and Other Poems
10.29,Four,History of Beauty
52.86,Two,Heaven is for Real: A Little Boy's Astounding Story of His Trip to Heaven and Back
55.65,Five,Future Shock (Future Shock #1)
43.64,One,Ender's Game (The Ender Quintet #1)
28.41,One,Diary of a Citizen Scientist: Chasing Tiger Beetles and Other New Ways of Engaging the World
37.51,Four,Death by Leisure: A Cautionary Tale
11.45,Three,Brilliant Beacons: A History of the American Lighthouse
19.22,Two,Brazen: The Courage to Find the You That's Been Hiding
56.91,Four,Between the World and Me
55.06,Four,Being Mortal: Medicine and What Matters in the End
13.2,Three,"A Murder Over a Girl: Justice, Gender, Junior High"
53.63,Two,32 Yolks
44.48,Five,"""Most Blessed of the Patriarchs"": Thomas Jefferson and the Empire of the Imagination"
12.08,Three,You Are a Badass: How to Stop Doubting Your Greatness and Start Living an Awesome Life
22.14,Two,Wildlife of New York: A Five-Borough Coloring Book
25.37,Five,What Happened on Beale Street (Secrets of the South Mysteries #2)
46.33,Two,Unreasonable Hope: Finding Faith in the God Who Brings Purpose to Your Pain
37.33,Three,Under the Tuscan Sun
25.55,One,Toddlers Are A**holes: It's Not Your Fault
34.72,One,The Year of Living Biblically: One Man's Humble Quest to Follow the Bible as Literally as Possible
35.96,Four,The Whale
41.14,Four,The Story of Art
10.01,Four,The Origin of Species
36.05,Four,The Great Gatsby
49.03,Three,The Good Girl
16.24,One,The Glass Castle
39.55,One,The Faith of Christopher Hitchens: The Restless Soul of the World's Most Notorious Atheist
35.67,Three,The Drowning Girls
16.62,Three,The Constant Princess (The Tudor Court #1)
42.78,Four,The Bourne Identity (Jason Bourne #1)
52.3,Five,The Bachelor Girl's Guide to Murder (Herringford and Watts Mysteries #1)
32.34,Two,The Art Book
33.17,Four,The 7 Habits of Highly Effective People: Powerful Lessons in Personal Change
20.12,Five,Team of Rivals: The Political Genius of Abraham Lincoln
20.9,Two,Steal Like an Artist: 10 Things Nobody Told You About Being Creative
20.9,Three,"Sit, Stay, Love"
40.2,Four,Sister Dear
52.87,Three,"Shrunken Treasures: Literary Classics, Short, Sweet, and Silly"
51.74,One,"Rich Dad, Poor Dad"
34.41,Two,Raymie Nightingale
32.38,One,Playing from the Heart
50.35,Four,Nightstruck: A Novel
11.38,Five,"Naturally Lean: 125 Nourishing Gluten-Free, Plant-Based Recipes--All Under 300 Calories"
43.58,Three,Meternity
49.67,Three,Memoirs of a Geisha
28.77,Two,Like Never Before (Walker Family #2)
13.22,Four,Life of Pi
51.17,Five,Leave This Song Behind: Teen Poetry at Its Best
39.61,Five,King's Folly (The Kinsman Chronicles #1)
57.43,Four,John Adams
46.01,Four,How to Cook Everything Vegetarian: Simple Meatless Recipes for Great Food (How to Cook Everything)
28.25,Two,How to Be a Domestic Goddess: Baking and the Art of Comfort Cooking
37.05,Five,Good in Bed (Cannie Shapiro #1)
19.57,One,"Fruits Basket, Vol. 7 (Fruits Basket #7)"
45.13,Three,For the Love: Fighting for Grace in a World of Impossible Standards
46.64,Two,Finding God in the Ruins: How God Redeems Pain
12.16,Five,Every Heart a Doorway (Every Heart A Doorway #1)
20.89,Four,Delivering the Truth (Quaker Midwife Mystery #1)
17.97,Five,Counted With the Stars (Out from Egypt #1)
52.6,Two,"Chronicles, Vol. 1"
25.77,One,Blue Like Jazz: Nonreligious Thoughts on Christian Spirituality
48.19,Three,Benjamin Franklin: An American Life
29.93,Five,"At The Existentialist Café: Freedom, Being, and apricot cocktails with: Jean-Paul Sartre, Simone de Beauvoir, Albert Camus, Martin Heidegger, Edmund Husserl, Karl Jaspers, Maurice Merleau-Ponty and others"
44.34,Two,A Summer In Europe
52.4,Five,A Short History of Nearly Everything
44.81,Four,A Gathering of Shadows (Shades of Magic #2)
57.84,Five,The Sound Of Love
39.67,Two,The Rise and Fall of the Third Reich: A History of Nazi Germany
55.02,Three,The Perks of Being a Wallflower
24.8,Four,The Mysterious Affair at Styles (Hercule Poirot #1)
59.45,Four,The Man Who Mistook His Wife for a Hat and Other Clinical Tales
31.58,Two,The Makings of a Fatherless Child
43.27,Four,The Joy of Cooking
37.34,One,The Invention of Wings
17.8,Five,The Hobbit (Middle-Earth Universe)
30.54,One,The Great Railway Bazaar
18.77,One,The Golden Compass (His Dark Materials #1)
46.85,Three,The God Delusion
15.79,One,The Girl You Left Behind (The Girl You Left Behind #1)
10.27,Two,The Fellowship of the Ring (The Lord of the Rings #1)
15.42,Five,The Collected Poems of W.B. Yeats (The Collected Works of W.B. Yeats #1)
59.92,Five,The Barefoot Contessa Cookbook
50.96,Two,Tell the Wolves I'm Home
30.6,Three,Ship Leaves Harbor: Essays on Travel by a Recovering Journeyman
19.27,Four,Pride and Prejudice
46.58,One,Musicophilia: Tales of Music and the Brain
48.51,Three,Mere Christianity
19.02,One,Me Before You (Me Before You #1)
38.38,Two,In the Woods (Dublin Murder Squad #1)
49.98,Four,In Cold Blood
46.49,Five,How to Stop Worrying and Start Living
18.32,Two,Give It Back
42.14,Three,"Girl, Interrupted"
56.59,Four,Fun Home: A Family Tragicomic
20.96,Four,"Fruits Basket, Vol. 6 (Fruits Basket #6)"
40.32,Four,Deception Point
36.39,Three,"Death Note, Vol. 6: Give-and-Take (Death Note #6)"
58.55,Four,Catherine the Great: Portrait of a Woman
39.61,Three,Better Homes and Gardens New Cook Book
21.3,Three,An Unquiet Mind: A Memoir of Moods and Madness
56.88,Four,A Year in Provence (Provence #1)
32.97,Four,World Without End (The Pillars of the Earth #2)
47.31,Four,"Will Grayson, Will Grayson (Will Grayson, Will Grayson)"
48.67,Two,Why Save the Bankers?: And Other Essays on Our Economic and Political Crisis
41.73,Four,Where She Went (If I Stay #2)
53.68,Four,What If?: Serious Scientific Answers to Absurd Hypothetical Questions
14.64,One,Two Summers
38.4,One,This Is Your Brain on Music: The Science of a Human Obsession
15.08,Four,The Secret Garden
30.57,Two,The Raven King (The Raven Cycle #4)
57.74,Four,The Raven Boys (The Raven Cycle #1)
11.05,Five,The Power Greens Cookbook: 140 Delicious Superfood Recipes
28.58,One,The Metamorphosis
42.91,Five,The Mathews Men: Seven Brothers and the War Against Hitler's U-boats
24.73,Three,The Little Paris Bookshop
55.91,Four,The Hiding Place
13.76,Three,The Grand Design
45.56,Three,The Firm
47.22,One,The Fault in Our Stars
56.0,Five,The False Prince (The Ascendance Trilogy #1)
44.58,Two,The Expatriates
34.5,One,The Dream Thieves (The Raven Cycle #2)
11.33,Five,The Darkest Corners
38.77,Four,The Crossover
11.83,Two,The 5th Wave (The 5th Wave #1)
45.51,Three,Tell the Wind and Fire
41.81,One,Tell Me Three Things
25.15,Four,Talking to Girls About Duran Duran: One Young Man's Quest for True Love and a Cooler Haircut
34.22,Five,Siddhartha
16.23,Five,Shiver (The Wolves of Mercy Falls #1)
11.48,Three,Remember Me?
23.37,Three,Red Dragon (Hannibal Lecter #1)
16.28,Two,Peak: Secrets from the New Science of Expertise
31.63,Four,My Mother Was Nuts
24.91,Five,Mexican Today: New and Rediscovered Recipes for Contemporary Kitchens
22.54,One,Maybe Something Beautiful: How Art Transformed a Neighborhood
23.63,Four,Lola and the Boy Next Door (Anna and the French Kiss #2)
13.12,Two,Logan Kade (Fallen Crest High #5.5)
59.98,Three,Last One Home (New Beginnings #1)
31.49,Four,Killing Floor (Jack Reacher #1)
15.52,Five,Kill the Boy Band
48.13,Five,Isla and the Happily Ever After (Anna and the French Kiss #3)
38.13,Five,If I Stay (If I Stay #1)
36.55,Two,I Know Why the Caged Bird Sings (Maya Angelou's Autobiography #1)
23.32,One,Harry Potter and the Deathly Hallows (Harry Potter #7)
16.33,One,"Fruits Basket, Vol. 5 (Fruits Basket #5)"
32.42,One,Foundation (Foundation (Publication Order) #1)
16.96,One,Fool Me Once
22.37,One,Find Her (Detective D.D. Warren #8)
42.27,One,Evicted: Poverty and Profit in the American City
38.7,Two,Drama
35.63,Five,Dracula the Un-Dead
58.0,Five,Digital Fortress
52.41,One,"Death Note, Vol. 5: Whiteout (Death Note #5)"
32.35,Three,"Data, A Love Story: How I Gamed Online Dating to Meet My Match"
20.75,One,Critique of Pure Reason
17.49,Five,Booked
34.13,Five,"Blue Lily, Lily Blue (The Raven Cycle #3)"
58.81,Five,Approval Junkie: Adventures in Caring Too Much
10.0,Five,An Abundance of Katherines
51.22,Two,America's War for the Greater Middle East: A Military History
58.59,Four,Alight (The Generations Trilogy #2)
31.3,One,A Girl's Guide to Moving On (New Beginnings #2)
46.42,Two,A Game of Thrones (A Song of Ice and Fire #1)
17.21,Four,A Feast for Crows (A Song of Ice and Fire #4)
10.79,Three,A Clash of Kings (A Song of Ice and Fire #2)
52.35,Four,Vogue Colors A to Z: A Fashion Coloring Book
27.88,Three,The Shining (The Shining #1)
50.26,Two,The Pilgrim's Progress
59.99,Three,The Perfect Play (Play by Play #1)
28.32,Five,The Passion of Dolssa
38.71,Three,The Jazz of Physics: The Secret Link Between Music and the Structure of the Universe
29.85,Five,The Hunger Games (The Hunger Games #1)
14.82,Two,The Hound of the Baskervilles (Sherlock Holmes #5)
16.81,Four,The Gunning of America: Business and the Making of American Gun Culture
28.23,Two,The Geography of Bliss: One Grump's Search for the Happiest Places in the World
52.11,Two,The Demonists (Demonist #1)
27.88,Two,"The Demon Prince of Momochi House, Vol. 4 (The Demon Prince of Momochi House #4)"
59.71,Three,The Bone Hunters (Lexy Vaughan & Steven Macaulay #2)
46.08,Five,The Beast (Black Dagger Brotherhood #14)
13.73,Five,Some Women
48.39,Five,Shopaholic Ties the Knot (Shopaholic #3)
49.45,Five,Paper and Fire (The Great Library #2)
19.67,Five,Outlander (Outlander #1)
12.36,Three,"Orchestra of Exiles: The Story of Bronislaw Huberman, the Israel Philharmonic, and the One Thousand Jews He Saved from Nazi Horrors"
20.02,Five,No One Here Gets Out Alive
12.75,Four,Night Shift (Night Shift #1-20)
47.51,Four,Needful Things
20.44,Four,Mockingjay (The Hunger Games #3)
34.79,Two,Misery
28.07,Four,Little Women (Little Women #1)
25.01,Three,It
13.9,Three,Harry Potter and the Sorcerer's Stone (Harry Potter #1)
24.17,Four,Harry Potter and the Prisoner of Azkaban (Harry Potter #3)
31.63,Four,Harry Potter and the Order of the Phoenix (Harry Potter #5)
48.75,Five,Harry Potter and the Half-Blood Prince (Harry Potter #6)
14.74,One,Harry Potter and the Chamber of Secrets (Harry Potter #2)
32.49,Three,Gone with the Wind
27.8,One,God Is Not Great: How Religion Poisons Everything
26.77,One,Girl With a Pearl Earring
50.44,Four,"Fruits Basket, Vol. 4 (Fruits Basket #4)"
34.93,Two,Far From True (Promise Falls Trilogy #2)
12.87,One,Dark Lover (Black Dagger Brotherhood #1)
48.94,Two,Confessions of a Shopaholic (Shopaholic #1)
13.38,Three,Changing the Game (Play by Play #2)
58.63,Three,Candide
21.94,One,Can You Keep a Secret?
26.58,Five,Atlas Shrugged
57.22,Three,Animal Farm
56.43,One,A Walk to Remember
55.65,Five,A New Earth: Awakening to Your Life's Purpose
27.62,One,"A History of God: The 4,000-Year Quest of Judaism, Christianity, and Islam"
49.56,Four,'Salem's Lot
34.77,One,Zero History (Blue Ant #3)
17.73,Three,Wuthering Heights
21.8,One,World War Z: An Oral History of the Zombie War
46.02,Three,Wild: From Lost to Found on the Pacific Crest Trail
18.13,One,"Where'd You Go, Bernadette"
30.89,Five,When You Are Engulfed in Flames
31.95,Three,We the People: The Modern-Day Figures Who Have Reshaped and Affirmed the Founding Fathers' Vision of America
24.04,One,We Are All Completely Beside Ourselves
32.36,Three,Walk the Edge (Thunder Road #2)
21.07,Five,Voyager (Outlander #3)
50.66,Three,Very Good Lives: The Fringe Benefits of Failure and the Importance of Imagination
13.66,Two,Vegan Vegetarian Omnivore: Dinner for Everyone at the Table
58.09,One,"Unstuffed: Decluttering Your Home, Mind, and Soul"
30.0,One,Under the Banner of Heaven: A Story of Violent Faith
32.74,Two,Two Boys Kissing
41.93,Two,Twilight (Twilight #1)
42.8,Two,Twenties Girl
53.51,One,"Trespassing Across America: One Man's Epic, Never-Done-Before (and Sort of Illegal) Hike Across the Heartland"
23.21,Three,Three-Martini Lunch
21.14,One,"Thinking, Fast and Slow"
56.07,Three,The Wild Robot
14.41,Three,"The Wicked + The Divine, Vol. 3: Commercial Suicide (The Wicked + The Divine)"
45.75,Four,The Undomestic Goddess
15.77,One,The Travelers
10.02,Two,The Tipping Point: How Little Things Can Make a Big Difference
48.77,One,The Thing About Jellyfish
57.86,Two,The Stand
23.59,One,The Smitten Kitchen Cookbook
23.05,Five,The Silkworm (Cormoran Strike #2)
55.55,Five,"The Sandman, Vol. 3: Dream Country (The Sandman (volumes) #3)"
58.64,Four,The Rose & the Dagger (The Wrath and the Dawn #2)
23.21,One,The Road to Little Dribbling: Adventures of an American in Britain (Notes From a Small Island #2)
42.57,Three,The Rise of Theodore Roosevelt (Theodore Roosevelt #1)
10.92,One,The Restaurant at the End of the Universe (Hitchhiker's Guide to the Galaxy #2)
34.77,One,The Rest Is Noise: Listening to the Twentieth Century
35.66,Five,The Red Tent
37.19,Three,The Purpose Driven Life: What on Earth Am I Here for?
12.25,One,The Purest Hook (Second Circle Tattoos #3)
29.7,Two,The Picture of Dorian Gray
36.8,Three,The Paris Wife
45.43,One,The Obsession
26.26,Four,The Nightingale
44.92,Three,The New Guy (and Other Senior Year Distractions)
52.53,Five,The Nanny Diaries (Nanny #1)
37.25,Two,The Name of God is Mercy
20.93,One,The Maze Runner (The Maze Runner #1)
58.09,Two,The Lover's Dictionary
43.59,Five,The Lonely Ones
33.92,Three,The Lean Startup: How Today's Entrepreneurs Use Continuous Innovation to Create Radically Successful Businesses
55.55,Two,The Last Painting of Sara de Vos
29.64,Four,"The Land of 10,000 Madonnas"
27.41,One,The Infinities
52.51,Five,The Husband's Secret
47.8,Three,The Hitchhiker's Guide to the Galaxy (Hitchhiker's Guide to the Galaxy #1)
14.54,Two,The Guns of August
49.53,One,The Guernsey Literary and Potato Peel Pie Society
43.58,Three,The Goldfinch
12.3,One,The Giver (The Giver Quartet #1)
49.47,Three,The Girl with All the Gifts
22.14,Two,The Girl Who Played with Fire (Millennium Trilogy #2)
57.48,One,The Girl Who Kicked the Hornet's Nest (Millennium Trilogy #3)
43.45,Three,The Exiled
22.13,Four,"The End of Faith: Religion, Terror, and the Future of Reason"
13.03,Four,"The Elegant Universe: Superstrings, Hidden Dimensions, and the Quest for the Ultimate Theory"
57.35,Five,"The Disappearing Spoon: And Other True Tales of Madness, Love, and the History of the World from the Periodic Table of the Elements"
44.29,One,The Devil Wears Prada (The Devil Wears Prada #1)
52.25,Four,The Demon-Haunted World: Science as a Candle in the Dark
26.33,Five,The Day the Crayons Came Home (Crayons)
22.96,Two,The Da Vinci Code (Robert Langdon #2)
19.21,One,The Cuckoo's Calling (Cormoran Strike #1)
26.78,Four,The Complete Stories and Poems (The Works of Edgar Allan Poe [Cameo Edition])
41.32,Five,The Complete Poems
24.55,One,The Catcher in the Rye
16.26,Two,The Cat in the Hat (Beginner Books B-1)
47.84,One,The Case for Christ (Cases for Christianity)
53.49,Two,The Book Thief
44.84,Five,The Book of Basketball: The NBA According to The Sports Guy
53.71,Five,The Blind Side: Evolution of a Game
23.43,Two,The Autobiography of Malcolm X
34.32,Three,"The Art of Simple Food: Notes, Lessons, and Recipes from a Delicious Revolution"
22.1,One,The Art of Fielding
25.83,Two,"Surely You're Joking, Mr. Feynman!: Adventures of a Curious Character"
36.74,Three,Stiff: The Curious Lives of Human Cadavers
49.51,One,Spilled Milk: Based on a True Story
48.96,Five,Something Borrowed (Darcy & Rachel #1)
54.62,One,Something Blue (Darcy & Rachel #2)
24.72,Two,Soldier (Talon #3)
46.45,Two,Shopaholic & Baby (Shopaholic #5)
52.33,Two,Seven Days in the Art World
30.6,Four,Seven Brief Lessons on Physics
14.57,Four,Scarlet (The Lunar Chronicles #2)
46.29,One,Sarah's Key
21.57,Five,"Saga, Volume 3 (Saga (Collected Editions) #3)"
12.91,Four,Running with Scissors
50.11,Three,Rogue Lawyer (Rogue Lawyer #1)
41.67,Four,"Rise of the Rocket Girls: The Women Who Propelled Us, from Missiles to the Moon to Mars"
44.88,Two,Rework
11.1,Three,Reservations for Two
28.54,Three,Red: The True Story of Red Riding Hood
19.07,Four,Ready Player One
43.55,One,Quiet: The Power of Introverts in a World That Can't Stop Talking
43.63,Three,Prodigy: The Graphic Novel (Legend: The Graphic Novel #2)
39.13,One,Persepolis: The Story of a Childhood (Persepolis #1-2)
56.68,Two,Packing for Mars: The Curious Science of Life in the Void
14.16,One,Outliers: The Story of Success
31.45,Three,Original Fake
24.61,Two,Orange Is the New Black
32.87,Two,One for the Money (Stephanie Plum #1)
40.17,One,Notes from a Small Island (Notes From a Small Island #1)
13.51,One,Night (The Night Trilogy #1)
38.95,Three,Neither Here nor There: Travels in Europe
31.69,Three,Naked
29.4,One,Morning Star (Red Rising #3)
57.83,One,"Miracles from Heaven: A Little Girl, Her Journey to Heaven, and Her Amazing Story of Healing"
55.46,Two,Midnight Riot (Peter Grant/ Rivers of London - books #1)
57.6,Two,Me Talk Pretty One Day
34.98,Two,Manuscript Found in Accra
11.87,Two,Lust & Wonder
12.47,Three,Lila (Gilead #3)
33.26,Two,"Life, the Universe and Everything (Hitchhiker's Guide to the Galaxy #3)"
59.04,Five,Life Without a Recipe
26.13,Two,Life After Life
22.2,One,Letter to a Christian Nation
45.11,One,Let's Pretend This Never Happened: A Mostly True Memoir
43.69,Four,Legend (Legend #1)
25.02,One,"Lean In: Women, Work, and the Will to Lead"
55.5,Five,"Lamb: The Gospel According to Biff, Christ's Childhood Pal"
53.04,Five,Lady Renegades (Rebel Belle #3)
44.97,One,Jurassic Park (Jurassic Park #1)
42.38,One,It's Never Too Late to Begin Again: Discovering Creativity and Meaning at Midlife and Beyond
20.11,Three,Is Everyone Hanging Out Without Me? (And Other Concerns)
56.7,Five,Into the Wild
41.0,Five,Inferno (Robert Langdon #4)
28.85,Three,"In the Garden of Beasts: Love, Terror, and an American Family in Hitler's Berlin"
49.97,Four,If I Run (If I Run #1)
19.69,One,I've Got Your Number
28.88,Two,I Am Malala: The Girl Who Stood Up for Education and Was Shot by the Taliban
33.14,Three,Hungry Girl Clean & Hungry: Easy All-Natural Recipes for Healthy Eating in the Real World
43.7,Two,"House of Lost Worlds: Dinosaurs, Dynasties, and the Story of Life on Earth"
54.89,One,House of Leaves
37.52,Two,Horrible Bear!
51.07,Two,Holidays on Ice
44.07,Four,Heir to the Sky
10.79,Four,Green Eggs and Ham (Beginner Books B-16)
42.72,One,"Grayson, Vol 3: Nemesis (Grayson #3)"
26.66,Five,Gratitude
37.6,Five,Gone Girl
42.21,Four,Golden (Heart of Dread #3)
46.83,Two,Girl in the Blue Coat
45.17,Two,"Fruits Basket, Vol. 3 (Fruits Basket #3)"
51.22,Three,"Friday Night Lights: A Town, a Team, and a Dream"
21.28,Four,Fire Bound (Sea Haven/Sisters of the Heart #5)
15.36,Five,Fifty Shades Freed (Fifty Shades #3)
38.62,One,Fellside
25.4,Three,Extreme Prey (Lucas Davenport #26)
43.87,Three,Eragon (The Inheritance Cycle #1)
18.74,One,Eclipse (Twilight #3)
54.86,One,Dune (Dune #1)
52.62,Three,Dracula
51.48,One,Do Androids Dream of Electric Sheep? (Blade Runner #1)
15.28,Five,Disrupted: My Misadventure in the Start-Up Bubble
39.24,Five,Dead Wake: The Last Crossing of the Lusitania
17.81,One,"David and Goliath: Underdogs, Misfits, and the Art of Battling Giants"
56.02,One,Darkfever (Fever #1)
23.9,Five,Dark Places
49.13,Five,Crazy Rich Asians (Crazy Rich Asians #1)
10.62,One,Counting Thyme
36.17,Two,Cosmos
59.95,Two,Civilization and Its Discontents
26.09,One,Cinder (The Lunar Chronicles #1)
37.35,Two,Catastrophic Happiness: Finding Joy in Childhood's Messy Years
24.72,Two,Career of Evil (Cormoran Strike #3)
35.28,Five,Breaking Dawn (Twilight #4)
51.32,Five,Brave Enough
21.12,Three,Boy Meets Boy
27.35,Two,"Born to Run: A Hidden Tribe, Superathletes, and the Greatest Race the World Has Never Seen"
21.74,Five,Blink: The Power of Thinking Without Thinking
40.87,One,Black Flags: The Rise of ISIS
49.31,One,"Black Butler, Vol. 1 (Black Butler #1)"
22.11,One,Big Little Lies
20.79,Five,Between Shades of Gray
27.41,Two,Best of My Love (Fool's Gold #20)
38.35,Two,Beowulf
21.55,Five,Beautiful Creatures (Caster Chronicles #1)
38.02,Two,Awkward
22.06,Four,Ash
10.66,Three,Are We There Yet?
56.58,One,Are We Smart Enough to Know How Smart Animals Are?
36.83,Five,Annie on My Mind
35.01,Two,And Then There Were None
30.48,Four,A Walk in the Woods: Rediscovering America on the Appalachian Trail
14.08,Five,A Visit from the Goon Squad
31.22,Two,A Storm of Swords (A Song of Ice and Fire #3)
54.29,Five,A Heartbreaking Work of Staggering Genius
31.04,One,8 Keys to Mental Health Through Exercise
50.96,One,#GIRLBOSS
11.89,Two,"The Suffragettes (Little Black Classics, #96)"
31.38,Three,The Sense of an Ending
54.81,One,"The Sandman, Vol. 2: The Doll's House (The Sandman (volumes) #2)"
16.78,Three,The Course of Love
24.42,One,Sugar Rush (Offensive Line #2)
11.75,Three,"Saga, Volume 2 (Saga (Collected Editions) #2)"
20.02,One,"Run, Spot, Run: The Ethics of Keeping Pets"
12.86,Four,New Moon (Twilight #2)
31.58,Five,Life
34.0,Three,Kindle Paperwhite User's Guide
57.42,Five,H is for Hawk
53.47,One,Girl Online On Tour (Girl Online #2)
11.64,Five,"Fruits Basket, Vol. 2 (Fruits Basket #2)"
52.88,Four,Diary of a Minecraft Zombie Book 1: A Scare of a Dare (An Unofficial Minecraft Book)
18.51,Four,"Y: The Last Man, Vol. 1: Unmanned (Y: The Last Man #1)"
41.32,Five,While You Were Mine
39.77,Three,Where Lightning Strikes (Bleeding Stars #3)
51.96,Three,When I'm Gone
39.51,Five,Ways of Seeing
15.4,One,"Vampire Knight, Vol. 1 (Vampire Knight #1)"
53.82,Two,Vampire Girl (Vampire Girl #1)
30.95,Four,Twenty Love Poems and a Song of Despair
57.82,Five,Travels with Charley: In Search of America
44.18,Two,Three Wishes (River of Time: California #1)
48.71,One,This One Moment (Pushing Limits #1)
19.69,Five,The Zombie Room
36.52,Two,"The Wicked + The Divine, Vol. 1: The Faust Act (The Wicked + The Divine)"
41.56,Five,The Tumor
43.19,Four,The Story of Hong Gildong
12.34,Five,The Silent Wife
36.25,Three,The Silent Twin (Detective Jennifer Knight #3)
29.45,One,The Selfish Gene
34.56,Three,The Secret Healer
54.12,Three,"The Sandman, Vol. 1: Preludes and Nocturnes (The Sandman (volumes) #1)"
33.78,Three,The Republic
29.64,Three,The Odyssey
57.7,Four,The No. 1 Ladies' Detective Agency (No. 1 Ladies' Detective Agency #1)
36.34,One,The Nicomachean Ethics
50.59,Three,The Name of the Wind (The Kingkiller Chronicle #1)
29.38,One,The Mirror & the Maze (The Wrath and the Dawn #1.5)
45.42,Two,The Little Prince
54.43,One,The Light of the Fireflies
36.26,Two,The Last Girl (The Dominion Trilogy #1)
16.16,One,The Iliad
36.29,Five,The Hook Up (Game On #1)
27.89,Five,The Haters
12.29,Five,The Girl You Lost
15.85,Three,The Girl In The Ice (DCI Erika Foster #1)
14.4,One,The End of the Jesus Era (An Investigation #1)
19.18,Four,The Edge of Reason (Bridget Jones #2)
10.64,Three,The Complete Maus (Maus #1-2)
14.76,Three,The Communist Manifesto
57.49,Three,The Bhagavad Gita
30.66,Three,The Bette Davis Club
40.83,Four,The Art of Not Breathing
18.88,Two,Taking Shots (Assassins #1)
25.83,Three,Starlark
42.12,Three,"Skip Beat!, Vol. 01 (Skip Beat! #1)"
13.33,Three,Sister Sable (The Mad Queen #1)
42.4,One,Shatter Me (Shatter Me #1)
58.35,Three,Shameless
21.72,Four,Shadow Rites (Jane Yellowrock #10)
44.91,Two,Settling the Score (The Summer Games #1)
37.46,One,Sense and Sensibility
28.48,One,"Saga, Volume 1 (Saga (Collected Editions) #1)"
28.34,Two,"Rhythm, Chord & Malykhin"
46.96,Five,"Rat Queens, Vol. 1: Sass & Sorcery (Rat Queens (Collected Editions) #1-5)"
24.96,One,Paradise Lost (Paradise #1)
21.71,Four,"Paper Girls, Vol. 1 (Paper Girls #1-5)"
29.87,Three,"Ouran High School Host Club, Vol. 1 (Ouran High School Host Club #1)"
28.99,One,Origins (Alphas 0.5)
52.94,Two,One Second (Seven #7)
32.36,Three,On the Road (Duluoz Legend)
55.66,Two,Old Records Never Die: One Man's Quest for His Vinyl and His Past
39.45,Five,Off Sides (Off #1)
47.11,Two,Of Mice and Men
58.75,Four,Myriad (Prentor #1)
38.92,Two,My Perfect Mistake (Over the Top #1)
39.39,Four,"Ms. Marvel, Vol. 1: No Normal (Ms. Marvel (2014-2015) #1)"
25.89,Two,Meditations
28.34,One,Matilda
27.7,Four,Lost Among the Living
24.89,Three,Lord of the Flies
58.99,Three,Listen to Me (Fusion #1)
57.2,Five,Kitchens of the Great Midwest
38.43,Five,Jane Eyre
34.74,Four,Imperfect Harmony
40.44,Four,Icing (Aces Hockey #2)
45.24,Three,"Hawkeye, Vol. 1: My Life as a Weapon (Hawkeye #1)"
34.96,Four,Having the Barbarian's Baby (Ice Planet Barbarians #7.5)
56.76,Four,"Giant Days, Vol. 1 (Giant Days #1-4)"
40.28,Five,"Fruits Basket, Vol. 1 (Fruits Basket #1)"
38.0,Two,Frankenstein
28.8,Three,Forever Rockers (The Rocker #12)
39.24,Three,Fighting Fate (Fighting #6)
32.93,Two,Emma
51.32,Three,"Eat, Pray, Love"
47.09,Five,Deep Under (Walker Security #1)
28.42,Four,Choosing Our Religion: The Spiritual Lives of America's Nones
22.85,Three,Charlie and the Chocolate Factory (Charlie Bucket #1)
41.24,One,Charity's Cross (Charles Towne Belles #4)
39.07,Five,Bright Lines
29.82,One,Bridget Jones's Diary (Bridget Jones #1)
37.26,Four,Bounty (Colorado Mountain #7)
20.3,Three,Blood Defense (Samantha Brinkman #1)
34.65,Five,"Bleach, Vol. 1: Strawberry and the Soul Reapers (Bleach #1)"
43.38,One,Beyond Good and Evil
55.53,One,Alice in Wonderland (Alice's Adventures in Wonderland #1)
57.06,Four,"Ajin: Demi-Human, Volume 1 (Ajin: Demi-Human #1)"
16.97,Five,A Spy's Devotion (The Regency Spies of London #1)
53.98,One,1st to Die (Women's Murder Club #1)
26.08,Five,"1,000 Places to See Before You Die"
price,rating,title
51.77,Three,A Light in the Attic
53.74,One,Tipping the Velvet
50.1,One,Soumission
47.82,Four,Sharp Objects
54.23,Five,Sapiens: A Brief History of Humankind
22.65,One,The Requiem Red
33.34,Four,The Dirty Little Secrets of Getting Your Dream Job
17.93,Three,"The Coming Woman: A Novel Based on the Life of the Infamous Feminist, Victoria Woodhull"
22.6,Four,The Boys in the Boat: Nine Americans and Their Epic Quest for Gold at the 1936 Berlin Olympics
52.15,One,The Black Maria
13.99,Two,"Starving Hearts (Triangular Trade Trilogy, #1)"
20.66,Four,Shakespeare's Sonnets
17.46,Five,Set Me Free
52.29,Five,Scott Pilgrim's Precious Little Life (Scott Pilgrim #1)
35.02,Five,Rip it Up and Start Again
57.25,Three,"Our Band Could Be Your Life: Scenes from the American Indie Underground, 1981-1991"
23.88,One,Olio
37.59,One,Mesaerion: The Best Science Fiction Stories 1800-1849
51.33,Two,Libertarianism for Beginners
45.17,Two,It's Only the Himalayas
12.84,One,In Her Wake
37.32,Two,How Music Works
30.52,Three,"Foolproof Preserving: A Guide to Small Batch Jams, Jellies, Pickles, Condiments, and More: A Foolproof Guide to Making Small Batch Jams, Jellies, Pickles, Condiments, and More"
25.27,Five,Chase Me (Paris Nights #2)
34.53,Five,Black Dust
54.64,Three,Birdsong: A Story in Pictures
22.5,Three,America's Cradle of Quarterbacks: Western Pennsylvania's Football Factory from Johnny Unitas to Joe Montana
53.13,Three,Aladdin and His Wonderful Lamp
40.3,Five,Worlds Elsewhere: Journeys Around Shakespeare’s Globe
44.18,Four,Wall and Piece
17.66,Five,The Four Agreements: A Practical Guide to Personal Freedom
31.05,Three,The Five Love Languages: How to Express Heartfelt Commitment to Your Mate
23.82,Five,The Elephant Tree
36.89,One,The Bear and the Piano
15.94,Five,Sophie's World
33.29,Three,Penny Maybe
18.02,Two,Maude (1883-1993):She Grew Up with the country
19.63,One,"In a Dark, Dark Wood"
52.22,Four,Behind Closed Doors
33.63,Two,You can't bury them all: Poems
57.31,Three,Slow States of Collapse: Poems
26.41,Two,Reasons to Stay Alive
47.61,Five,Private Paris (Private #10)
23.11,Five,#HigherSelfie: Wake Up Your Life. Free Your Soul. Find Your Tribe.
45.07,Two,Without Borders (Wanderlove #1)
31.77,One,When We Collided
50.27,Five,"We Love You, Charlie Freeman"
14.27,Four,Untitled Collection: Sabbath Poems 2014
44.18,Four,"Unseen City: The Majesty of Pigeons, the Discreet Charm of Snails & Other Wonders of the Urban Wilderness"
18.78,Three,Unicorn Tracks
25.52,One,"Unbound: How Eight Technologies Made Us Human, Transformed Society, and Brought Our World to the Brink"
16.28,One,Tsubasa: WoRLD CHRoNiCLE 2 (Tsubasa WoRLD CHRoNiCLE #2)
31.12,Three,Throwing Rocks at the Google Bus: How Growth Became the Enemy of Prosperity
19.49,Four,This One Summer
17.27,Five,Thirst
19.09,One,The Torch Is Passed: A Harding Family Story
56.13,One,The Secret of Dreadwillow Carse
56.41,One,"The Pioneer Woman Cooks: Dinnertime: Comfort Classics, Freezer Food, 16-Minute Meals, and Other Delicious Ways to Solve Supper!"
56.5,Four,The Past Never Ends
45.22,Three,The Natural History of Us (The Fine Art of Pretending #2)
38.16,Four,The Nameless City (The Nameless City #1)
54.11,Three,The Murder That Never Was (Forensic Instincts #5)
42.96,Four,The Most Perfect Thing: Inside (and Outside) a Bird's Egg
23.89,Four,"The Mindfulness and Acceptance Workbook for Anxiety: A Guide to Breaking Free from Anxiety, Phobias, and Worry Using Acceptance and Commitment Therapy"
16.77,Three,The Life-Changing Magic of Tidying Up: The Japanese Art of Decluttering and Organizing
20.59,Five,"The Inefficiency Assassin: Time Management Tactics for Working Smarter, Not Longer"
37.13,One,The Gutsy Girl: Escapades for Your Life of Epic Adventure
56.06,One,The Electric Pencil: Drawings from Inside State Hospital No. 3
58.11,Four,The Death of Humanity: and the Case for Life
49.05,Three,"The Bulletproof Diet: Lose up to a Pound a Day, Reclaim Energy and Focus, Upgrade Your Life"
40.76,Three,The Art Forger
19.73,One,The Age of Genius: The Seventeenth Century and the Birth of the Modern Mind
32.24,Five,The Activist's Tao Te Ching: Ancient Advice for a Modern Revolution
41.83,Four,Spark Joy: An Illustrated Master Class on the Art of Organizing and Tidying Up
39.58,Two,Soul Reader
39.25,Two,Security
25.02,Three,"Saga, Volume 6 (Saga (Collected Editions) #6)"
51.04,Two,"Saga, Volume 5 (Saga (Collected Editions) #5)"
19.83,Two,Reskilling America: Learning to Labor in the Twenty-First Century
50.4,Three,"Rat Queens, Vol. 3: Demons (Rat Queens (Collected Editions) #11-15)"
13.61,Five,"Princess Jellyfish 2-in-1 Omnibus, Vol. 01 (Princess Jellyfish 2-in-1 Omnibus #1)"
13.34,Five,Princess Between Worlds (Wide-Awake Princess #5)
18.97,One,"Pop Gun War, Volume 1: Gift"
36.28,Two,"Political Suicide: Missteps, Peccadilloes, Bad Calls, Backroom Hijinx, Sordid Pasts, Rotten Breaks, and Just Plain Dumb Mistakes in the Annals of American Politics"
10.16,Three,Patience
15.44,Four,"Outcast, Vol. 1: A Darkness Surrounds Him (Outcast #1)"
48.41,One,orange: The Complete Collection 1 (orange: The Complete Collection #1)
46.35,One,Online Marketing for Busy Authors: A Step-By-Step Guide
14.07,Three,On a Midnight Clear
14.86,Two,Obsidian (Lux #1)
33.37,Two,My Paris Kitchen: Recipes and Stories
56.4,Two,Masks and Shadows
14.02,Four,"Mama Tried: Traditional Italian Cooking for the Screwed, Crude, Vegan, and Tattooed"
46.91,Two,"Lumberjanes, Vol. 2: Friendship to the Max (Lumberjanes #5-8)"
45.61,Three,"Lumberjanes, Vol. 1: Beware the Kitten Holy (Lumberjanes #1-4)"
19.92,Two,Lumberjanes Vol. 3: A Terrible Plan (Lumberjanes #9-12)
40.11,One,"Layered: Baking, Building, and Styling Spectacular Cakes"
53.9,Two,Judo: Seven Steps to Black Belt (an Introductory Guide for Beginners)
35.67,Five,Join
22.0,Four,In the Country We Love: My Family Divided
57.36,Five,Immunity: How Elie Metchnikoff Changed the Course of Modern Medicine
29.17,Two,"I Hate Fairyland, Vol. 1: Madly Ever After (I Hate Fairyland (Compilations) #1-5)"
54.63,Three,I am a Hero Omnibus Volume 1
46.03,One,How to Be Miserable: 40 Strategies You Already Use
33.97,One,Her Backup Boyfriend (The Sorensen Family #1)
22.11,Two,"Giant Days, Vol. 2 (Giant Days #5-8)"
29.69,Three,Forever and Forever: The Courtship of Henry Longfellow and Fanny Appleton
15.97,Four,First and First (Five Boroughs #3)
21.96,One,Fifty Shades Darker (Fifty Shades #2)
54.35,Two,Everydata: The Misinformation Hidden in the Little Data You Consume Every Day
37.97,Two,"Don't Be a Jerk: And Other Practical Advice from Dogen, Japan's Greatest Zen Master"
51.99,Four,Danganronpa Volume 1
43.29,Three,Crown of Midnight (Throne of Glass #2)
36.72,Four,"Codename Baboushka, Volume 1: The Conclave of Death"
17.08,Four,Camp Midnight
29.14,Five,Call the Nurse: True Stories of a Country Nurse on a Scottish Isle
28.81,Three,Burning
49.46,Two,Bossypants
37.92,Two,"Bitch Planet, Vol. 1: Extraordinary Machine (Bitch Planet (Collected Editions))"
28.09,Two,"Avatar: The Last Airbender: Smoke and Shadow, Part 3 (Smoke and Shadow #3)"
30.81,One,Algorithms to Live By: The Computer Science of Human Decisions
42.95,One,A World of Flavor: Your Gluten Free Passport
56.76,Five,"A Piece of Sky, a Grain of Rice: A Memoir in Four Meditations"
16.64,One,A Murder in Time
55.53,Five,A Flight of Arrows (The Pathfinders #2)
28.13,Four,A Fierce and Subtle Poison
52.37,One,A Court of Thorns and Roses (A Court of Thorns and Roses #1)
54.0,Five,(Un)Qualified: How God Uses Broken People to Do Big Things
21.87,Four,You Are What You Love: The Spiritual Power of Habit
43.3,Four,"William Shakespeare's Star Wars: Verily, A New Hope (William Shakespeare's Star Wars #4)"
21.04,Two,Tuesday Nights in 1980
41.6,Three,Tracing Numbers on a Train
35.07,Three,Throne of Glass (Throne of Glass #1)
59.64,One,Thomas Jefferson and the Tripoli Pirates: The Forgotten War That Changed American History
52.72,One,Thirteen Reasons Why
58.08,Four,The White Cat and the Monk: A Retelling of the Poem “Pangur Bán”
24.12,One,The Wedding Dress
42.15,Four,The Vacationers
12.61,Five,The Third Wave: An Entrepreneur’s Vision of the Future
17.44,Four,The Stranger
33.14,One,The Shadow Hero (The Shadow Hero)
27.37,Four,The Secret (The Secret #1)
51.36,Five,The Regional Office Is Under Attack!
36.0,Two,The Psychopath Test: A Journey Through the Madness Industry
10.65,One,The Project
43.54,Two,The Power of Now: A Guide to Spiritual Enlightenment
38.21,Two,The Omnivore's Dilemma: A Natural History of Four Meals
37.34,Five,The Nerdy Nummies Cookbook: Sweet Treats for the Geek in All of Us
44.1,Four,The Murder of Roger Ackroyd (Hercule Poirot #4)
43.29,Three,The Mistake (Off-Campus #2)
55.85,One,The Matchmaker's Playbook (Wingmen Inc. #1)
37.6,Two,The Love and Lemons Cookbook: An Apple-to-Zucchini Celebration of Impromptu Cooking
10.97,One,The Long Shadow of Small Ghosts: Murder and Memory in an American City
41.82,Four,The Kite Runner
36.95,One,The House by the Lake
44.28,One,The Glittering Court (The Glittering Court #1)
55.02,Two,The Girl on the Train
17.24,One,The Genius of Birds
23.15,Two,The Emerald Mystery
41.25,One,The Cookies & Cups Cookbook: 125+ sweet & savory recipes reminding you to Always Eat Dessert First
32.0,Three,The Bridge to Consciousness: I'm Writing the Bridge Between Science and Our Old and New Beliefs.
38.49,Five,The Artist's Way: A Spiritual Path to Higher Creativity
33.34,Five,The Art of War
10.93,Two,The Argonauts
27.55,Three,The 10% Entrepreneur: Live Your Startup Dream Without Quitting Your Day Job
55.99,Two,Suddenly in Love (Lake Haven #1)
16.24,Four,Something More Than This
26.12,Two,Soft Apocalypse
12.23,Two,So You've Been Publicly Shamed
23.99,Two,Shoe Dog: A Memoir by the Creator of NIKE
29.06,Three,"Shobu Samurai, Project Aryoku (#3)"
20.27,One,Secrets and Lace (Fatal Hearts #1)
43.55,Five,Scarlett Epstein Hates It Here
36.94,One,Romero and Juliet: A Tragic Tale of Love and Zombies
20.47,Five,Redeeming Love
41.06,One,Poses for Artists Volume 1 - Dynamic and Sitting Poses: An Essential Reference for Figure Drawing and the Human Form
14.19,Four,Poems That Make Grown Women Cry
38.28,One,"Nightingale, Sing"
41.05,One,Night Sky with Exit Wounds
30.25,Five,Mrs. Houdini
28.26,Five,Modern Romance
10.76,One,Miss Peregrine’s Home for Peculiar Children (Miss Peregrine’s Peculiar Children #1)
16.85,Two,Louisa: The Extraordinary Life of Mrs. Adams
13.47,Three,Little Red
48.56,Five,Library of Souls (Miss Peregrine’s Peculiar Children #3)
19.15,Two,Large Print Heart of the Pride
57.36,Four,I Had a Nice Time And Other Lies...: How to find love & sh*t like that
42.98,One,Hollow City (Miss Peregrine’s Peculiar Children #2)
22.16,Two,Grumbles
49.43,Four,Full Moon over Noah’s Ark: An Odyssey to Mount Ararat and Beyond
29.99,Five,Frostbite (Vampire Academy #2)
21.36,One,Follow You Home
29.0,One,First Steps for New Christians (Print Edition)
53.53,Five,Finders Keepers (Bill Hodges Trilogy #2)
41.62,Four,"Fables, Vol. 1: Legends in Exile (Fables #1)"
54.59,Four,Eureka Trivia 6.0
34.95,Four,Drive: The Surprising Truth About What Motivates Us
37.72,Five,Done Rubbed Out (Reightman & Bailey #1)
35.61,Three,Doing It Over (Most Likely To #1)
42.16,Three,"Deliciously Ella Every Day: Quick and Easy Recipes for Gluten-Free Snacks, Packed Lunches, and Simple Meals"
19.19,Five,Dark Notes
19.43,Three,"Daring Greatly: How the Courage to Be Vulnerable Transforms the Way We Live, Love, Parent, and Lead"
49.46,Four,Close to You
37.8,Two,Chasing Heaven: What Dying Taught Me About Living
30.8,Three,Big Magic: Creative Living Beyond Fear
27.43,Two,Becoming Wise: An Inquiry into the Mystery and Art of Living
11.11,Two,Beauty Restored (Riley Family Legacy Novellas #3)
36.5,Two,Batman: The Long Halloween (Batman)
15.38,Five,Batman: The Dark Knight Returns (Batman)
15.48,Two,Ayumi's Violin
46.82,Four,Anonymous
18.46,Three,Amy Meets the Saints and Sages
36.58,One,Amid the Chaos
50.54,Five,Amatus
12.51,Five,Agnostic: A Spirited Manifesto
24.7,Three,Zealot: The Life and Times of Jesus of Nazareth
43.61,Five,You (You #1)
37.34,Four,"Wonder Woman: Earth One, Volume One (Wonder Woman: Earth One #1)"
14.36,Two,Wild Swans
52.65,Four,Why the Right Went Wrong: Conservatism--From Goldwater to the Tea Party and Beyond
38.2,Four,Whole Lotta Creativity Going On: 60 Fun and Unusual Exercises to Awaken and Strengthen Your Creativity
19.6,Two,What's It Like in Space?: Stories from Astronauts Who've Been There
53.9,One,"We Are Robin, Vol. 1: The Vigilante Business (We Are Robin #1)"
12.96,Five,Walt Disney's Alice in Wonderland
37.1,Four,V for Vendetta (V for Vendetta Complete)
46.31,Two,Until Friday Night (The Field Party #1)
45.95,Two,"Unbroken: A World War II Story of Survival, Resilience, and Redemption"
22.08,Two,Twenty Yawns
25.38,Two,Through the Woods
27.12,Two,This Is Where It Ends
43.04,Two,The Year of Magical Thinking
56.8,Four,The Wright Brothers
25.91,Five,The White Queen (The Cousins' War #1)
32.61,Three,The Wedding Pact (The O'Malleys #2)
27.88,Five,The Time Keeper
52.67,Four,The Testament of Mary
46.02,Five,The Star-Touched Queen
44.48,Five,The Songs of the Gods
37.4,Five,The Song of Achilles
54.04,One,The Rosie Project (Don Tillman #1)
16.88,Three,The Power of Habit: Why We Do What We Do in Life and Business
28.08,Four,The Marriage of Opposites
10.4,One,The Lucifer Effect: Understanding How Good People Turn Evil
44.07,One,The Long Haul (Diary of a Wimpy Kid #9)
23.4,One,The Loney
17.43,Three,The Literature Book (Big Ideas Simply Explained)
54.21,Two,The Last Mile (Amos Decker #2)
40.67,Two,The Immortal Life of Henrietta Lacks
52.26,Two,The Hidden Oracle (The Trials of Apollo #1)
28.77,Three,The Help Yourself Cookbook for Kids: 60 Easy Plant-Based Recipes Kids Can Make to Stay Healthy and Save the Earth
13.82,Two,The Guilty (Will Robie #4)
25.85,Three,The First Hostage (J.B. Collins #2)
48.78,One,The Dovekeepers
35.35,Five,The Darkest Lie
44.73,Four,The Bane Chronicles (The Bane Chronicles #1-11)
15.77,One,The Bad-Ass Librarians of Timbuktu: And Their Race to Save the World’s Most Precious Manuscripts
39.24,One,The 14th Colony (Cotton Malone #11)
13.92,One,That Darkness (Gardiner and Renner #1)
10.69,One,Tastes Like Fear (DI Marnie Rome #3)
45.21,Three,Take Me with You
45.58,One,Swell: A Year of Waves
11.89,Five,Superman Vol. 1: Before Truth (Superman by Gene Luen Yang #1)
26.41,Three,Still Life with Bread Crumbs
39.5,Five,Steve Jobs
44.74,Four,Sorting the Beef from the Bull: The Science of Food Fraud Forensics
52.79,Five,Someone Like You (The Harrisons #2)
35.43,Four,"So Cute It Hurts!!, Vol. 6 (So Cute It Hurts!! #6)"
55.84,Four,Shtum
48.87,Three,See America: A Celebration of Our National Parks & Treasured Sites
46.78,Four,salt.
47.82,Three,Robin War
25.48,Two,"Red Hood/Arsenal, Vol. 1: Open for Business (Red Hood/Arsenal #1)"
23.57,Three,Rain Fish
50.89,Five,"Quarter Life Poetry: Poems for the Young, Broke and Hangry"
10.56,Three,Pet Sematary
52.15,Three,"Overload: How to Unplug, Unwind, and Unleash Yourself from the Pressure of Stress"
18.28,Two,Once Was a Time
11.83,Five,Old School (Diary of a Wimpy Kid #10)
21.95,Two,No Dream Is Too High: Life Lessons From a Man Who Walked on the Moon
38.39,Two,"Naruto (3-in-1 Edition), Vol. 14: Includes Vols. 40, 41 & 42 (Naruto: Omnibus #14)"
41.56,One,My Name Is Lucy Barton
24.48,Three,My Mrs. Brown
40.36,One,My Kind of Crazy
28.9,One,Mr. Mercedes (Bill Hodges Trilogy #1)
37.61,Two,More Than Music (Chasing the Dream #1)
38.85,Five,Made to Stick: Why Some Ideas Survive and Others Die
53.95,Three,Luis Paints the World
49.83,Three,Luckiest Girl Alive
51.51,Two,Lowriders to the Center of the Earth (Lowriders in Space #2)
18.03,One,Love Is a Mix Tape (Music #1)
29.14,Five,Looking for Lovely: Collecting the Moments that Matter
46.91,Four,"Living Leadership by Insight: A Good Leader Achieves, a Great Leader Builds Monuments"
26.79,Five,Let It Out: A Journey Through Journaling
16.28,Five,Lady Midnight (The Dark Artifices #1)
19.55,One,"It's All Easy: Healthy, Delicious Weeknight Meals in under 30 Minutes"
29.65,One,Island of Dragons (Unwanteds #7)
25.98,Four,I Know What I'm Doing -- and Other Lies I Tell Myself: Dispatches from a Life Under Construction
10.6,Four,I Am Pilgrim (Pilgrim #1)
14.75,Five,"Hyperbole and a Half: Unfortunate Situations, Flawed Coping Mechanisms, Mayhem, and Other Things That Happened"
47.02,Three,"Hush, Hush (Hush, Hush #1)"
28.82,One,Hold Your Breath (Search and Rescue #1)
58.79,Three,Hamilton: The Revolution
10.23,Five,Greek Mythic History
30.03,Five,God: The Most Unpleasant Character in All Fiction
45.84,Three,Glory over Everything: Beyond The Kitchen House
49.05,Three,Feathers: Displays of Brilliant Plumage
15.06,Four,"Far & Away: Places on the Brink of Change: Seven Continents, Twenty-Five Years"
46.47,Three,Every Last Word
27.09,Three,Eligible (The Austen Project #4)
57.62,Five,El Deafo
14.39,Four,Eight Hundred Grapes
51.75,Five,"Eaternity: More than 150 Deliciously Easy Vegan Recipes for a Long, Healthy, Satisfied, Joyful Life"
54.07,Two,"Eat Fat, Get Thin"
55.35,One,Don't Get Caught
40.12,Two,Doctor Sleep (The Shining #2)
37.51,Five,Demigods & Magicians: Percy and Annabeth Meet the Kanes (Percy Jackson & Kane Chronicles Crossover #1-3)
11.21,Five,Dear Mr. Knightley
36.58,One,Daily Fantasy Sports
47.72,Two,Crazy Love: Overwhelmed by a Relentless God
25.01,Three,Cometh the Hour (The Clifton Chronicles #6)
22.13,Four,Code Name Verity (Code Name Verity #1)
44.14,One,Clockwork Angel (The Infernal Devices #1)
56.02,Four,City of Glass (The Mortal Instruments #3)
11.23,Four,City of Fallen Angels (The Mortal Instruments #4)
43.28,One,City of Bones (The Mortal Instruments #1)
47.27,One,City of Ashes (The Mortal Instruments #2)
20.29,Four,Cell
50.83,Three,Catching Jordan (Hundred Oaks)
31.85,Three,"Carry On, Warrior: Thoughts on Life Unarmed"
46.23,Two,Carrie
37.8,Four,Buying In: The Secret Dialogue Between What We Buy and Who We Are
49.32,Five,Brain on Fire: My Month of Madness
32.01,Two,Batman: Europa
28.01,One,Barefoot Contessa Back to Basics
50.62,Five,Barefoot Contessa at Home: Everyday Recipes You'll Make Over and Over Again
17.03,Three,Balloon Animals
48.8,Three,Art Ops Vol. 1
58.14,Four,Aristotle and Dante Discover the Secrets of the Universe (Aristotle and Dante Discover the Secrets of the Universe #1)
34.2,Two,Angels Walking (Angels Walking #1)
51.48,Three,Angels & Demons (Robert Langdon #1)
29.87,Five,All the Light We Cannot See
10.9,Two,"Adulthood Is a Myth: A ""Sarah's Scribbles"" Collection"
56.37,Five,Abstract City
48.35,Five,A Time of Torment (Charlie Parker #14)
16.73,Two,A Study in Scarlet (Sherlock Holmes #1)
56.48,Two,"A Series of Catastrophes and Miracles: A True Story of Love, Science, and Cancer"
40.79,Two,A People's History of the United States
39.72,One,A Man Called Ove
14.58,Three,A Distant Mirror: The Calamitous 14th Century
55.51,One,A Brush of Wings (Angels Walking #3)
21.8,Three,1491: New Revelations of the Americas Before Columbus
13.33,Three,"The Three Searches, Meaning, and the Story"
38.73,One,Searching for Meaning in Gailana
37.86,Four,Rook
11.53,Two,My Kitchen Year: 136 Recipes That Saved My Life
27.06,One,13 Hours: The Inside Account of What Really Happened In Benghazi
13.86,Three,Will You Won't You Want Me?
37.55,One,Tipping Point for Planet Earth: How Close Are We to the Edge?
46.29,Five,The Silent Sister (Riley MacPherson #1)
26.2,One,The Midnight Watch: A Novel of the Titanic and the Californian
33.26,Two,The Lonely City: Adventures in the Art of Being Alone
59.15,Four,The Gray Rhino: How to Recognize and Act on the Obvious Dangers We Ignore
39.43,One,The Golden Condom: And Other Essays on Love Lost and Found
14.44,Five,The Epidemic (The Program 0.6)
56.54,Two,The Dinner Party
59.9,Three,The Diary of a Young Girl
11.88,Three,The Children
48.05,Two,Stars Above (The Lunar Chronicles #4.5)
21.21,Three,Snatched: How A Drug Queen Went Undercover for the DEA and Was Kidnapped By Colombian Guerillas
49.67,Four,Raspberry Pi Electronics Projects for the Evil Genius
43.14,One,Quench Your Own Thirst: Business Lessons Learned Over a Beer or Two
36.97,Five,Psycho: Sanitarium (Psycho #1.5)
26.8,Three,Poisonous (Max Revere Novels #3)
15.71,Four,One with You (Crossfire #5)
54.65,Four,No Love Allowed (Dodge Cove #1)
54.36,Four,Murder at the 42nd Street Library (Raymond Ambler #1)
35.28,Three,Most Wanted
20.55,Two,"Love, Lies and Spies"
58.32,Five,How to Speak Golf: An Illustrated Guide to Links Lingo
11.84,One,Hide Away (Eve Duncan #20)
41.46,Four,Furiously Happy: A Funny Book About Horrible Things
20.1,Five,Everyday Italian: 125 Simple and Delicious Recipes
56.86,One,Equal Is Unfair: America's Misguided Fight Against Income Inequality
56.51,Five,Eleanor & Park
40.83,Four,Dirty (Dive Bar #1)
48.64,One,Can You Keep a Secret? (Fear Street Relaunch #4)
59.48,Three,Boar Island (Anna Pigeon #19)
39.01,Four,A Paris Apartment
38.77,One,"A la Mode: 120 Recipes in 60 Pairings: Pies, Tarts, Cakes, Crisps, and More Topped with Ice Cream, Gelato, Frozen Custard, and More"
48.39,Two,Troublemaker: Surviving Hollywood and Scientology
27.26,Two,The Widow
11.68,Four,"The Sleep Revolution: Transforming Your Life, One Night at a Time"
59.45,One,The Improbability of Love
21.0,Three,The Art of Startup Fundraising
53.98,Three,Take Me Home Tonight (Rock Star Romance #3)
48.74,One,Sleeping Giants (Themis Files #1)
21.15,Two,"Setting the World on Fire: The Brief, Astonishing Life of St. Catherine of Siena"
13.71,Three,Playing with Fire
47.67,Three,Off the Hook (Fishing for Trouble #1)
13.34,Two,Mothering Sunday
16.89,Five,"Mother, Can You Not?"
27.18,One,M Train
17.28,Two,Lilac Girls
45.14,One,Lies and Other Acts of Love
40.85,One,Lab Girl
20.46,Four,Keep Me Posted
56.27,Three,It Didn't Start with You: How Inherited Family Trauma Shapes Who We Are and How to End the Cycle
48.49,Four,Grey (Fifty Shades #4)
51.34,Four,"Exit, Pursued by a Bear"
16.34,Three,Daredevils
20.5,Three,Cravings: Recipes for What You Want to Eat
21.59,Five,Born for This: How to Find the Work You Were Meant to Do
21.36,Four,Arena
20.88,Five,Adultery
19.53,Three,A Mother's Reckoning: Living in the Aftermath of Tragedy
14.75,Five,A Gentleman's Position (Society of Gentlemen #3)
48.48,Three,11/22/63
24.57,Two,"10% Happier: How I Tamed the Voice in My Head, Reduced Stress Without Losing My Edge, and Found Self-Help That Actually Works"
49.71,Five,10-Day Green Smoothie Cleanse: Lose Up to 15 Pounds in 10 Days!
48.27,Five,Without Shame
58.05,Four,Watchmen
58.87,Four,Unlimited Intuition Now
11.82,Two,Underlying Notes
28.03,One,The Shack
44.05,Five,The New Brand You: Your New Image Makes the Sale for You
12.34,Four,"The Moosewood Cookbook: Recipes from Moosewood Restaurant, Ithaca, New York"
16.68,Two,The Flowers Lied
55.91,One,"The Fabric of the Cosmos: Space, Time, and the Texture of Reality"
24.57,Three,The Book of Mormon
52.98,Five,The Art and Science of Low Carbohydrate Living
54.4,One,The Alien Club
54.81,Five,Suzie Snowflake: One beautiful flake (a self-esteem story)
25.08,One,Nap-a-Roo
10.41,Four,"NaNo What Now? Finding your editing process, revising your NaNoWriMo book and building a writing career through publishing and beyond"
47.44,Two,Modern Day Fables
20.91,One,If I Gave You God's Phone Number....: Searching for Spirituality in America
33.95,Four,"Fruits Basket, Vol. 9 (Fruits Basket #9)"
43.68,Three,Dress Your Family in Corduroy and Denim
33.23,One,Don't Forget Steven
35.92,Two,Chernobyl 01:23:40: The Incredible True Story of the World's Worst Nuclear Disaster
48.63,Four,Art and Fear: Observations on the Perils (and Rewards) of Artmaking
56.63,Three,A Shard of Ice (The Black Symphony Saga #1)
50.49,Three,A Hero's Curse (The Unseen Chronicles #1)
35.79,Two,23 Degrees South: A Tropical Tale of Changing Whether...
34.06,Three,"Zero to One: Notes on Startups, or How to Build the Future"
17.76,One,Why Not Me?
39.36,Two,When Breath Becomes Air
36.94,Two,Vagabonding: An Uncommon Guide to the Art of Long-Term World Travel
43.62,Five,The Unlikely Pilgrimage of Harold Fry (Harold Fry #1)
43.02,Three,The New Drawing on the Right Side of the Brain
28.45,Four,"The Midnight Assassin: Panic, Scandal, and the Hunt for America's First Serial Killer"
41.39,Two,The Martian (The Martian #1)
51.15,One,The High Mountains of Portugal
35.88,One,The Grownup
36.91,One,The E-Myth Revisited: Why Most Small Businesses Don't Work and What to Do About It
28.93,One,South of Sunshine
38.89,Five,Smarter Faster Better: The Secrets of Being Productive in Life and Business
58.33,Three,Silence in the Dark (Logan Point #4)
39.67,Five,Shadows of the Past (Logan Point #1)
14.1,Five,Roller Girl
21.82,Three,Rising Strong
54.21,One,Proofs of God: Classical Arguments from Tertullian to Barth
31.19,Four,Please Kill Me: The Uncensored Oral History of Punk
53.64,Five,Out of Print: City Lights Spotlight No. 14
36.39,Five,My Life Next Door (My Life Next Door )
58.54,Two,Miller's Valley
29.48,Three,Man's Search for Meaning
25.06,Two,"Love That Boy: What Two Presidents, Eight Road Trips, and My Son Taught Me About a Parent's Expectations"
12.55,Three,Living Forward: A Proven Plan to Stop Drifting and Get the Life You Want
29.04,Five,Les Fleurs du Mal
40.72,Two,Left Behind (Left Behind #1)
45.05,Five,Kill 'Em and Leave: Searching for James Brown and the American Soul
47.13,One,Kierkegaard: A Christian Missionary to Christians
20.22,Four,John Vassos: Industrial Design for Modern Life
56.48,One,I'll Give You the Sun
44.21,One,I Will Find You
21.96,Four,Hystopia: A Novel
40.45,Two,Howl and Other Poems
10.29,Four,History of Beauty
52.86,Two,Heaven is for Real: A Little Boy's Astounding Story of His Trip to Heaven and Back
55.65,Five,Future Shock (Future Shock #1)
43.64,One,Ender's Game (The Ender Quintet #1)
28.41,One,Diary of a Citizen Scientist: Chasing Tiger Beetles and Other New Ways of Engaging the World
37.51,Four,Death by Leisure: A Cautionary Tale
11.45,Three,Brilliant Beacons: A History of the American Lighthouse
19.22,Two,Brazen: The Courage to Find the You That's Been Hiding
56.91,Four,Between the World and Me
55.06,Four,Being Mortal: Medicine and What Matters in the End
13.2,Three,"A Murder Over a Girl: Justice, Gender, Junior High"
53.63,Two,32 Yolks
44.48,Five,"""Most Blessed of the Patriarchs"": Thomas Jefferson and the Empire of the Imagination"
12.08,Three,You Are a Badass: How to Stop Doubting Your Greatness and Start Living an Awesome Life
22.14,Two,Wildlife of New York: A Five-Borough Coloring Book
25.37,Five,What Happened on Beale Street (Secrets of the South Mysteries #2)
46.33,Two,Unreasonable Hope: Finding Faith in the God Who Brings Purpose to Your Pain
37.33,Three,Under the Tuscan Sun
25.55,One,Toddlers Are A**holes: It's Not Your Fault
34.72,One,The Year of Living Biblically: One Man's Humble Quest to Follow the Bible as Literally as Possible
35.96,Four,The Whale
41.14,Four,The Story of Art
10.01,Four,The Origin of Species
36.05,Four,The Great Gatsby
49.03,Three,The Good Girl
16.24,One,The Glass Castle
39.55,One,The Faith of Christopher Hitchens: The Restless Soul of the World's Most Notorious Atheist
35.67,Three,The Drowning Girls
16.62,Three,The Constant Princess (The Tudor Court #1)
42.78,Four,The Bourne Identity (Jason Bourne #1)
52.3,Five,The Bachelor Girl's Guide to Murder (Herringford and Watts Mysteries #1)
32.34,Two,The Art Book
33.17,Four,The 7 Habits of Highly Effective People: Powerful Lessons in Personal Change
20.12,Five,Team of Rivals: The Political Genius of Abraham Lincoln
20.9,Two,Steal Like an Artist: 10 Things Nobody Told You About Being Creative
20.9,Three,"Sit, Stay, Love"
40.2,Four,Sister Dear
52.87,Three,"Shrunken Treasures: Literary Classics, Short, Sweet, and Silly"
51.74,One,"Rich Dad, Poor Dad"
34.41,Two,Raymie Nightingale
32.38,One,Playing from the Heart
50.35,Four,Nightstruck: A Novel
11.38,Five,"Naturally Lean: 125 Nourishing Gluten-Free, Plant-Based Recipes--All Under 300 Calories"
43.58,Three,Meternity
49.67,Three,Memoirs of a Geisha
28.77,Two,Like Never Before (Walker Family #2)
13.22,Four,Life of Pi
51.17,Five,Leave This Song Behind: Teen Poetry at Its Best
39.61,Five,King's Folly (The Kinsman Chronicles #1)
57.43,Four,John Adams
46.01,Four,How to Cook Everything Vegetarian: Simple Meatless Recipes for Great Food (How to Cook Everything)
28.25,Two,How to Be a Domestic Goddess: Baking and the Art of Comfort Cooking
37.05,Five,Good in Bed (Cannie Shapiro #1)
19.57,One,"Fruits Basket, Vol. 7 (Fruits Basket #7)"
45.13,Three,For the Love: Fighting for Grace in a World of Impossible Standards
46.64,Two,Finding God in the Ruins: How God Redeems Pain
12.16,Five,Every Heart a Doorway (Every Heart A Doorway #1)
20.89,Four,Delivering the Truth (Quaker Midwife Mystery #1)
17.97,Five,Counted With the Stars (Out from Egypt #1)
52.6,Two,"Chronicles, Vol. 1"
25.77,One,Blue Like Jazz: Nonreligious Thoughts on Christian Spirituality
48.19,Three,Benjamin Franklin: An American Life
29.93,Five,"At The Existentialist Café: Freedom, Being, and apricot cocktails with: Jean-Paul Sartre, Simone de Beauvoir, Albert Camus, Martin Heidegger, Edmund Husserl, Karl Jaspers, Maurice Merleau-Ponty and others"
44.34,Two,A Summer In Europe
52.4,Five,A Short History of Nearly Everything
44.81,Four,A Gathering of Shadows (Shades of Magic #2)
57.84,Five,The Sound Of Love
39.67,Two,The Rise and Fall of the Third Reich: A History of Nazi Germany
55.02,Three,The Perks of Being a Wallflower
24.8,Four,The Mysterious Affair at Styles (Hercule Poirot #1)
59.45,Four,The Man Who Mistook His Wife for a Hat and Other Clinical Tales
31.58,Two,The Makings of a Fatherless Child
43.27,Four,The Joy of Cooking
37.34,One,The Invention of Wings
17.8,Five,The Hobbit (Middle-Earth Universe)
30.54,One,The Great Railway Bazaar
18.77,One,The Golden Compass (His Dark Materials #1)
46.85,Three,The God Delusion
15.79,One,The Girl You Left Behind (The Girl You Left Behind #1)
10.27,Two,The Fellowship of the Ring (The Lord of the Rings #1)
15.42,Five,The Collected Poems of W.B. Yeats (The Collected Works of W.B. Yeats #1)
59.92,Five,The Barefoot Contessa Cookbook
50.96,Two,Tell the Wolves I'm Home
30.6,Three,Ship Leaves Harbor: Essays on Travel by a Recovering Journeyman
19.27,Four,Pride and Prejudice
46.58,One,Musicophilia: Tales of Music and the Brain
48.51,Three,Mere Christianity
19.02,One,Me Before You (Me Before You #1)
38.38,Two,In the Woods (Dublin Murder Squad #1)
49.98,Four,In Cold Blood
46.49,Five,How to Stop Worrying and Start Living
18.32,Two,Give It Back
42.14,Three,"Girl, Interrupted"
56.59,Four,Fun Home: A Family Tragicomic
20.96,Four,"Fruits Basket, Vol. 6 (Fruits Basket #6)"
40.32,Four,Deception Point
36.39,Three,"Death Note, Vol. 6: Give-and-Take (Death Note #6)"
58.55,Four,Catherine the Great: Portrait of a Woman
39.61,Three,Better Homes and Gardens New Cook Book
21.3,Three,An Unquiet Mind: A Memoir of Moods and Madness
56.88,Four,A Year in Provence (Provence #1)
32.97,Four,World Without End (The Pillars of the Earth #2)
47.31,Four,"Will Grayson, Will Grayson (Will Grayson, Will Grayson)"
48.67,Two,Why Save the Bankers?: And Other Essays on Our Economic and Political Crisis
41.73,Four,Where She Went (If I Stay #2)
53.68,Four,What If?: Serious Scientific Answers to Absurd Hypothetical Questions
14.64,One,Two Summers
38.4,One,This Is Your Brain on Music: The Science of a Human Obsession
15.08,Four,The Secret Garden
30.57,Two,The Raven King (The Raven Cycle #4)
57.74,Four,The Raven Boys (The Raven Cycle #1)
11.05,Five,The Power Greens Cookbook: 140 Delicious Superfood Recipes
28.58,One,The Metamorphosis
42.91,Five,The Mathews Men: Seven Brothers and the War Against Hitler's U-boats
24.73,Three,The Little Paris Bookshop
55.91,Four,The Hiding Place
13.76,Three,The Grand Design
45.56,Three,The Firm
47.22,One,The Fault in Our Stars
56.0,Five,The False Prince (The Ascendance Trilogy #1)
44.58,Two,The Expatriates
34.5,One,The Dream Thieves (The Raven Cycle #2)
11.33,Five,The Darkest Corners
38.77,Four,The Crossover
11.83,Two,The 5th Wave (The 5th Wave #1)
45.51,Three,Tell the Wind and Fire
41.81,One,Tell Me Three Things
25.15,Four,Talking to Girls About Duran Duran: One Young Man's Quest for True Love and a Cooler Haircut
34.22,Five,Siddhartha
16.23,Five,Shiver (The Wolves of Mercy Falls #1)
11.48,Three,Remember Me?
23.37,Three,Red Dragon (Hannibal Lecter #1)
16.28,Two,Peak: Secrets from the New Science of Expertise
31.63,Four,My Mother Was Nuts
24.91,Five,Mexican Today: New and Rediscovered Recipes for Contemporary Kitchens
22.54,One,Maybe Something Beautiful: How Art Transformed a Neighborhood
23.63,Four,Lola and the Boy Next Door (Anna and the French Kiss #2)
13.12,Two,Logan Kade (Fallen Crest High #5.5)
59.98,Three,Last One Home (New Beginnings #1)
31.49,Four,Killing Floor (Jack Reacher #1)
15.52,Five,Kill the Boy Band
48.13,Five,Isla and the Happily Ever After (Anna and the French Kiss #3)
38.13,Five,If I Stay (If I Stay #1)
36.55,Two,I Know Why the Caged Bird Sings (Maya Angelou's Autobiography #1)
23.32,One,Harry Potter and the Deathly Hallows (Harry Potter #7)
16.33,One,"Fruits Basket, Vol. 5 (Fruits Basket #5)"
32.42,One,Foundation (Foundation (Publication Order) #1)
16.96,One,Fool Me Once
22.37,One,Find Her (Detective D.D. Warren #8)
42.27,One,Evicted: Poverty and Profit in the American City
38.7,Two,Drama
35.63,Five,Dracula the Un-Dead
58.0,Five,Digital Fortress
52.41,One,"Death Note, Vol. 5: Whiteout (Death Note #5)"
32.35,Three,"Data, A Love Story: How I Gamed Online Dating to Meet My Match"
20.75,One,Critique of Pure Reason
17.49,Five,Booked
34.13,Five,"Blue Lily, Lily Blue (The Raven Cycle #3)"
58.81,Five,Approval Junkie: Adventures in Caring Too Much
10.0,Five,An Abundance of Katherines
51.22,Two,America's War for the Greater Middle East: A Military History
58.59,Four,Alight (The Generations Trilogy #2)
31.3,One,A Girl's Guide to Moving On (New Beginnings #2)
46.42,Two,A Game of Thrones (A Song of Ice and Fire #1)
17.21,Four,A Feast for Crows (A Song of Ice and Fire #4)
10.79,Three,A Clash of Kings (A Song of Ice and Fire #2)
52.35,Four,Vogue Colors A to Z: A Fashion Coloring Book
27.88,Three,The Shining (The Shining #1)
50.26,Two,The Pilgrim's Progress
59.99,Three,The Perfect Play (Play by Play #1)
28.32,Five,The Passion of Dolssa
38.71,Three,The Jazz of Physics: The Secret Link Between Music and the Structure of the Universe
29.85,Five,The Hunger Games (The Hunger Games #1)
14.82,Two,The Hound of the Baskervilles (Sherlock Holmes #5)
16.81,Four,The Gunning of America: Business and the Making of American Gun Culture
28.23,Two,The Geography of Bliss: One Grump's Search for the Happiest Places in the World
52.11,Two,The Demonists (Demonist #1)
27.88,Two,"The Demon Prince of Momochi House, Vol. 4 (The Demon Prince of Momochi House #4)"
59.71,Three,The Bone Hunters (Lexy Vaughan & Steven Macaulay #2)
46.08,Five,The Beast (Black Dagger Brotherhood #14)
13.73,Five,Some Women
48.39,Five,Shopaholic Ties the Knot (Shopaholic #3)
49.45,Five,Paper and Fire (The Great Library #2)
19.67,Five,Outlander (Outlander #1)
12.36,Three,"Orchestra of Exiles: The Story of Bronislaw Huberman, the Israel Philharmonic, and the One Thousand Jews He Saved from Nazi Horrors"
20.02,Five,No One Here Gets Out Alive
12.75,Four,Night Shift (Night Shift #1-20)
47.51,Four,Needful Things
20.44,Four,Mockingjay (The Hunger Games #3)
34.79,Two,Misery
28.07,Four,Little Women (Little Women #1)
25.01,Three,It
13.9,Three,Harry Potter and the Sorcerer's Stone (Harry Potter #1)
24.17,Four,Harry Potter and the Prisoner of Azkaban (Harry Potter #3)
31.63,Four,Harry Potter and the Order of the Phoenix (Harry Potter #5)
48.75,Five,Harry Potter and the Half-Blood Prince (Harry Potter #6)
14.74,One,Harry Potter and the Chamber of Secrets (Harry Potter #2)
32.49,Three,Gone with the Wind
27.8,One,God Is Not Great: How Religion Poisons Everything
26.77,One,Girl With a Pearl Earring
50.44,Four,"Fruits Basket, Vol. 4 (Fruits Basket #4)"
34.93,Two,Far From True (Promise Falls Trilogy #2)
12.87,One,Dark Lover (Black Dagger Brotherhood #1)
48.94,Two,Confessions of a Shopaholic (Shopaholic #1)
13.38,Three,Changing the Game (Play by Play #2)
58.63,Three,Candide
21.94,One,Can You Keep a Secret?
26.58,Five,Atlas Shrugged
57.22,Three,Animal Farm
56.43,One,A Walk to Remember
55.65,Five,A New Earth: Awakening to Your Life's Purpose
27.62,One,"A History of God: The 4,000-Year Quest of Judaism, Christianity, and Islam"
49.56,Four,'Salem's Lot
34.77,One,Zero History (Blue Ant #3)
17.73,Three,Wuthering Heights
21.8,One,World War Z: An Oral History of the Zombie War
46.02,Three,Wild: From Lost to Found on the Pacific Crest Trail
18.13,One,"Where'd You Go, Bernadette"
30.89,Five,When You Are Engulfed in Flames
31.95,Three,We the People: The Modern-Day Figures Who Have Reshaped and Affirmed the Founding Fathers' Vision of America
24.04,One,We Are All Completely Beside Ourselves
32.36,Three,Walk the Edge (Thunder Road #2)
21.07,Five,Voyager (Outlander #3)
50.66,Three,Very Good Lives: The Fringe Benefits of Failure and the Importance of Imagination
13.66,Two,Vegan Vegetarian Omnivore: Dinner for Everyone at the Table
58.09,One,"Unstuffed: Decluttering Your Home, Mind, and Soul"
30.0,One,Under the Banner of Heaven: A Story of Violent Faith
32.74,Two,Two Boys Kissing
41.93,Two,Twilight (Twilight #1)
42.8,Two,Twenties Girl
53.51,One,"Trespassing Across America: One Man's Epic, Never-Done-Before (and Sort of Illegal) Hike Across the Heartland"
23.21,Three,Three-Martini Lunch
21.14,One,"Thinking, Fast and Slow"
56.07,Three,The Wild Robot
14.41,Three,"The Wicked + The Divine, Vol. 3: Commercial Suicide (The Wicked + The Divine)"
45.75,Four,The Undomestic Goddess
15.77,One,The Travelers
10.02,Two,The Tipping Point: How Little Things Can Make a Big Difference
48.77,One,The Thing About Jellyfish
57.86,Two,The Stand
23.59,One,The Smitten Kitchen Cookbook
23.05,Five,The Silkworm (Cormoran Strike #2)
55.55,Five,"The Sandman, Vol. 3: Dream Country (The Sandman (volumes) #3)"
58.64,Four,The Rose & the Dagger (The Wrath and the Dawn #2)
23.21,One,The Road to Little Dribbling: Adventures of an American in Britain (Notes From a Small Island #2)
42.57,Three,The Rise of Theodore Roosevelt (Theodore Roosevelt #1)
10.92,One,The Restaurant at the End of the Universe (Hitchhiker's Guide to the Galaxy #2)
34.77,One,The Rest Is Noise: Listening to the Twentieth Century
35.66,Five,The Red Tent
37.19,Three,The Purpose Driven Life: What on Earth Am I Here for?
12.25,One,The Purest Hook (Second Circle Tattoos #3)
29.7,Two,The Picture of Dorian Gray
36.8,Three,The Paris Wife
45.43,One,The Obsession
26.26,Four,The Nightingale
44.92,Three,The New Guy (and Other Senior Year Distractions)
52.53,Five,The Nanny Diaries (Nanny #1)
37.25,Two,The Name of God is Mercy
20.93,One,The Maze Runner (The Maze Runner #1)
58.09,Two,The Lover's Dictionary
43.59,Five,The Lonely Ones
33.92,Three,The Lean Startup: How Today's Entrepreneurs Use Continuous Innovation to Create Radically Successful Businesses
55.55,Two,The Last Painting of Sara de Vos
29.64,Four,"The Land of 10,000 Madonnas"
27.41,One,The Infinities
52.51,Five,The Husband's Secret
47.8,Three,The Hitchhiker's Guide to the Galaxy (Hitchhiker's Guide to the Galaxy #1)
14.54,Two,The Guns of August
49.53,One,The Guernsey Literary and Potato Peel Pie Society
43.58,Three,The Goldfinch
12.3,One,The Giver (The Giver Quartet #1)
49.47,Three,The Girl with All the Gifts
22.14,Two,The Girl Who Played with Fire (Millennium Trilogy #2)
57.48,One,The Girl Who Kicked the Hornet's Nest (Millennium Trilogy #3)
43.45,Three,The Exiled
22.13,Four,"The End of Faith: Religion, Terror, and the Future of Reason"
13.03,Four,"The Elegant Universe: Superstrings, Hidden Dimensions, and the Quest for the Ultimate Theory"
57.35,Five,"The Disappearing Spoon: And Other True Tales of Madness, Love, and the History of the World from the Periodic Table of the Elements"
44.29,One,The Devil Wears Prada (The Devil Wears Prada #1)
52.25,Four,The Demon-Haunted World: Science as a Candle in the Dark
26.33,Five,The Day the Crayons Came Home (Crayons)
22.96,Two,The Da Vinci Code (Robert Langdon #2)
19.21,One,The Cuckoo's Calling (Cormoran Strike #1)
26.78,Four,The Complete Stories and Poems (The Works of Edgar Allan Poe [Cameo Edition])
41.32,Five,The Complete Poems
24.55,One,The Catcher in the Rye
16.26,Two,The Cat in the Hat (Beginner Books B-1)
47.84,One,The Case for Christ (Cases for Christianity)
53.49,Two,The Book Thief
44.84,Five,The Book of Basketball: The NBA According to The Sports Guy
53.71,Five,The Blind Side: Evolution of a Game
23.43,Two,The Autobiography of Malcolm X
34.32,Three,"The Art of Simple Food: Notes, Lessons, and Recipes from a Delicious Revolution"
22.1,One,The Art of Fielding
25.83,Two,"Surely You're Joking, Mr. Feynman!: Adventures of a Curious Character"
36.74,Three,Stiff: The Curious Lives of Human Cadavers
49.51,One,Spilled Milk: Based on a True Story
48.96,Five,Something Borrowed (Darcy & Rachel #1)
54.62,One,Something Blue (Darcy & Rachel #2)
24.72,Two,Soldier (Talon #3)
46.45,Two,Shopaholic & Baby (Shopaholic #5)
52.33,Two,Seven Days in the Art World
30.6,Four,Seven Brief Lessons on Physics
14.57,Four,Scarlet (The Lunar Chronicles #2)
46.29,One,Sarah's Key
21.57,Five,"Saga, Volume 3 (Saga (Collected Editions) #3)"
12.91,Four,Running with Scissors
50.11,Three,Rogue Lawyer (Rogue Lawyer #1)
41.67,Four,"Rise of the Rocket Girls: The Women Who Propelled Us, from Missiles to the Moon to Mars"
44.88,Two,Rework
11.1,Three,Reservations for Two
28.54,Three,Red: The True Story of Red Riding Hood
19.07,Four,Ready Player One
43.55,One,Quiet: The Power of Introverts in a World That Can't Stop Talking
43.63,Three,Prodigy: The Graphic Novel (Legend: The Graphic Novel #2)
39.13,One,Persepolis: The Story of a Childhood (Persepolis #1-2)
56.68,Two,Packing for Mars: The Curious Science of Life in the Void
14.16,One,Outliers: The Story of Success
31.45,Three,Original Fake
24.61,Two,Orange Is the New Black
32.87,Two,One for the Money (Stephanie Plum #1)
40.17,One,Notes from a Small Island (Notes From a Small Island #1)
13.51,One,Night (The Night Trilogy #1)
38.95,Three,Neither Here nor There: Travels in Europe
31.69,Three,Naked
29.4,One,Morning Star (Red Rising #3)
57.83,One,"Miracles from Heaven: A Little Girl, Her Journey to Heaven, and Her Amazing Story of Healing"
55.46,Two,Midnight Riot (Peter Grant/ Rivers of London - books #1)
57.6,Two,Me Talk Pretty One Day
34.98,Two,Manuscript Found in Accra
11.87,Two,Lust & Wonder
12.47,Three,Lila (Gilead #3)
33.26,Two,"Life, the Universe and Everything (Hitchhiker's Guide to the Galaxy #3)"
59.04,Five,Life Without a Recipe
26.13,Two,Life After Life
22.2,One,Letter to a Christian Nation
45.11,One,Let's Pretend This Never Happened: A Mostly True Memoir
43.69,Four,Legend (Legend #1)
25.02,One,"Lean In: Women, Work, and the Will to Lead"
55.5,Five,"Lamb: The Gospel According to Biff, Christ's Childhood Pal"
53.04,Five,Lady Renegades (Rebel Belle #3)
44.97,One,Jurassic Park (Jurassic Park #1)
42.38,One,It's Never Too Late to Begin Again: Discovering Creativity and Meaning at Midlife and Beyond
20.11,Three,Is Everyone Hanging Out Without Me? (And Other Concerns)
56.7,Five,Into the Wild
41.0,Five,Inferno (Robert Langdon #4)
28.85,Three,"In the Garden of Beasts: Love, Terror, and an American Family in Hitler's Berlin"
49.97,Four,If I Run (If I Run #1)
19.69,One,I've Got Your Number
28.88,Two,I Am Malala: The Girl Who Stood Up for Education and Was Shot by the Taliban
33.14,Three,Hungry Girl Clean & Hungry: Easy All-Natural Recipes for Healthy Eating in the Real World
43.7,Two,"House of Lost Worlds: Dinosaurs, Dynasties, and the Story of Life on Earth"
54.89,One,House of Leaves
37.52,Two,Horrible Bear!
51.07,Two,Holidays on Ice
44.07,Four,Heir to the Sky
10.79,Four,Green Eggs and Ham (Beginner Books B-16)
42.72,One,"Grayson, Vol 3: Nemesis (Grayson #3)"
26.66,Five,Gratitude
37.6,Five,Gone Girl
42.21,Four,Golden (Heart of Dread #3)
46.83,Two,Girl in the Blue Coat
45.17,Two,"Fruits Basket, Vol. 3 (Fruits Basket #3)"
51.22,Three,"Friday Night Lights: A Town, a Team, and a Dream"
21.28,Four,Fire Bound (Sea Haven/Sisters of the Heart #5)
15.36,Five,Fifty Shades Freed (Fifty Shades #3)
38.62,One,Fellside
25.4,Three,Extreme Prey (Lucas Davenport #26)
43.87,Three,Eragon (The Inheritance Cycle #1)
18.74,One,Eclipse (Twilight #3)
54.86,One,Dune (Dune #1)
52.62,Three,Dracula
51.48,One,Do Androids Dream of Electric Sheep? (Blade Runner #1)
15.28,Five,Disrupted: My Misadventure in the Start-Up Bubble
39.24,Five,Dead Wake: The Last Crossing of the Lusitania
17.81,One,"David and Goliath: Underdogs, Misfits, and the Art of Battling Giants"
56.02,One,Darkfever (Fever #1)
23.9,Five,Dark Places
49.13,Five,Crazy Rich Asians (Crazy Rich Asians #1)
10.62,One,Counting Thyme
36.17,Two,Cosmos
59.95,Two,Civilization and Its Discontents
26.09,One,Cinder (The Lunar Chronicles #1)
37.35,Two,Catastrophic Happiness: Finding Joy in Childhood's Messy Years
24.72,Two,Career of Evil (Cormoran Strike #3)
35.28,Five,Breaking Dawn (Twilight #4)
51.32,Five,Brave Enough
21.12,Three,Boy Meets Boy
27.35,Two,"Born to Run: A Hidden Tribe, Superathletes, and the Greatest Race the World Has Never Seen"
21.74,Five,Blink: The Power of Thinking Without Thinking
40.87,One,Black Flags: The Rise of ISIS
49.31,One,"Black Butler, Vol. 1 (Black Butler #1)"
22.11,One,Big Little Lies
20.79,Five,Between Shades of Gray
27.41,Two,Best of My Love (Fool's Gold #20)
38.35,Two,Beowulf
21.55,Five,Beautiful Creatures (Caster Chronicles #1)
38.02,Two,Awkward
22.06,Four,Ash
10.66,Three,Are We There Yet?
56.58,One,Are We Smart Enough to Know How Smart Animals Are?
36.83,Five,Annie on My Mind
35.01,Two,And Then There Were None
30.48,Four,A Walk in the Woods: Rediscovering America on the Appalachian Trail
14.08,Five,A Visit from the Goon Squad
31.22,Two,A Storm of Swords (A Song of Ice and Fire #3)
54.29,Five,A Heartbreaking Work of Staggering Genius
31.04,One,8 Keys to Mental Health Through Exercise
50.96,One,#GIRLBOSS
11.89,Two,"The Suffragettes (Little Black Classics, #96)"
31.38,Three,The Sense of an Ending
54.81,One,"The Sandman, Vol. 2: The Doll's House (The Sandman (volumes) #2)"
16.78,Three,The Course of Love
24.42,One,Sugar Rush (Offensive Line #2)
11.75,Three,"Saga, Volume 2 (Saga (Collected Editions) #2)"
20.02,One,"Run, Spot, Run: The Ethics of Keeping Pets"
12.86,Four,New Moon (Twilight #2)
31.58,Five,Life
34.0,Three,Kindle Paperwhite User's Guide
57.42,Five,H is for Hawk
53.47,One,Girl Online On Tour (Girl Online #2)
11.64,Five,"Fruits Basket, Vol. 2 (Fruits Basket #2)"
52.88,Four,Diary of a Minecraft Zombie Book 1: A Scare of a Dare (An Unofficial Minecraft Book)
18.51,Four,"Y: The Last Man, Vol. 1: Unmanned (Y: The Last Man #1)"
41.32,Five,While You Were Mine
39.77,Three,Where Lightning Strikes (Bleeding Stars #3)
51.96,Three,When I'm Gone
39.51,Five,Ways of Seeing
15.4,One,"Vampire Knight, Vol. 1 (Vampire Knight #1)"
53.82,Two,Vampire Girl (Vampire Girl #1)
30.95,Four,Twenty Love Poems and a Song of Despair
57.82,Five,Travels with Charley: In Search of America
44.18,Two,Three Wishes (River of Time: California #1)
48.71,One,This One Moment (Pushing Limits #1)
19.69,Five,The Zombie Room
36.52,Two,"The Wicked + The Divine, Vol. 1: The Faust Act (The Wicked + The Divine)"
41.56,Five,The Tumor
43.19,Four,The Story of Hong Gildong
12.34,Five,The Silent Wife
36.25,Three,The Silent Twin (Detective Jennifer Knight #3)
29.45,One,The Selfish Gene
34.56,Three,The Secret Healer
54.12,Three,"The Sandman, Vol. 1: Preludes and Nocturnes (The Sandman (volumes) #1)"
33.78,Three,The Republic
29.64,Three,The Odyssey
57.7,Four,The No. 1 Ladies' Detective Agency (No. 1 Ladies' Detective Agency #1)
36.34,One,The Nicomachean Ethics
50.59,Three,The Name of the Wind (The Kingkiller Chronicle #1)
29.38,One,The Mirror & the Maze (The Wrath and the Dawn #1.5)
45.42,Two,The Little Prince
54.43,One,The Light of the Fireflies
36.26,Two,The Last Girl (The Dominion Trilogy #1)
16.16,One,The Iliad
36.29,Five,The Hook Up (Game On #1)
27.89,Five,The Haters
12.29,Five,The Girl You Lost
15.85,Three,The Girl In The Ice (DCI Erika Foster #1)
14.4,One,The End of the Jesus Era (An Investigation #1)
19.18,Four,The Edge of Reason (Bridget Jones #2)
10.64,Three,The Complete Maus (Maus #1-2)
14.76,Three,The Communist Manifesto
57.49,Three,The Bhagavad Gita
30.66,Three,The Bette Davis Club
40.83,Four,The Art of Not Breathing
18.88,Two,Taking Shots (Assassins #1)
25.83,Three,Starlark
42.12,Three,"Skip Beat!, Vol. 01 (Skip Beat! #1)"
13.33,Three,Sister Sable (The Mad Queen #1)
42.4,One,Shatter Me (Shatter Me #1)
58.35,Three,Shameless
21.72,Four,Shadow Rites (Jane Yellowrock #10)
44.91,Two,Settling the Score (The Summer Games #1)
37.46,One,Sense and Sensibility
28.48,One,"Saga, Volume 1 (Saga (Collected Editions) #1)"
28.34,Two,"Rhythm, Chord & Malykhin"
46.96,Five,"Rat Queens, Vol. 1: Sass & Sorcery (Rat Queens (Collected Editions) #1-5)"
24.96,One,Paradise Lost (Paradise #1)
21.71,Four,"Paper Girls, Vol. 1 (Paper Girls #1-5)"
29.87,Three,"Ouran High School Host Club, Vol. 1 (Ouran High School Host Club #1)"
28.99,One,Origins (Alphas 0.5)
52.94,Two,One Second (Seven #7)
32.36,Three,On the Road (Duluoz Legend)
55.66,Two,Old Records Never Die: One Man's Quest for His Vinyl and His Past
39.45,Five,Off Sides (Off #1)
47.11,Two,Of Mice and Men
58.75,Four,Myriad (Prentor #1)
38.92,Two,My Perfect Mistake (Over the Top #1)
39.39,Four,"Ms. Marvel, Vol. 1: No Normal (Ms. Marvel (2014-2015) #1)"
25.89,Two,Meditations
28.34,One,Matilda
27.7,Four,Lost Among the Living
24.89,Three,Lord of the Flies
58.99,Three,Listen to Me (Fusion #1)
57.2,Five,Kitchens of the Great Midwest
38.43,Five,Jane Eyre
34.74,Four,Imperfect Harmony
40.44,Four,Icing (Aces Hockey #2)
45.24,Three,"Hawkeye, Vol. 1: My Life as a Weapon (Hawkeye #1)"
34.96,Four,Having the Barbarian's Baby (Ice Planet Barbarians #7.5)
56.76,Four,"Giant Days, Vol. 1 (Giant Days #1-4)"
40.28,Five,"Fruits Basket, Vol. 1 (Fruits Basket #1)"
38.0,Two,Frankenstein
28.8,Three,Forever Rockers (The Rocker #12)
39.24,Three,Fighting Fate (Fighting #6)
32.93,Two,Emma
51.32,Three,"Eat, Pray, Love"
47.09,Five,Deep Under (Walker Security #1)
28.42,Four,Choosing Our Religion: The Spiritual Lives of America's Nones
22.85,Three,Charlie and the Chocolate Factory (Charlie Bucket #1)
41.24,One,Charity's Cross (Charles Towne Belles #4)
39.07,Five,Bright Lines
29.82,One,Bridget Jones's Diary (Bridget Jones #1)
37.26,Four,Bounty (Colorado Mountain #7)
20.3,Three,Blood Defense (Samantha Brinkman #1)
34.65,Five,"Bleach, Vol. 1: Strawberry and the Soul Reapers (Bleach #1)"
43.38,One,Beyond Good and Evil
55.53,One,Alice in Wonderland (Alice's Adventures in Wonderland #1)
57.06,Four,"Ajin: Demi-Human, Volume 1 (Ajin: Demi-Human #1)"
16.97,Five,A Spy's Devotion (The Regency Spies of London #1)
53.98,One,1st to Die (Women's Murder Club #1)
26.08,Five,"1,000 Places to See Before You Die"
price,rating,title
51.77,Three,A Light in the Attic
53.74,One,Tipping the Velvet
50.1,One,Soumission
47.82,Four,Sharp Objects
54.23,Five,Sapiens: A Brief History of Humankind
22.65,One,The Requiem Red
33.34,Four,The Dirty Little Secrets of Getting Your Dream Job
17.93,Three,"The Coming Woman: A Novel Based on the Life of the Infamous Feminist, Victoria Woodhull"
22.6,Four,The Boys in the Boat: Nine Americans and Their Epic Quest for Gold at the 1936 Berlin Olympics
52.15,One,The Black Maria
13.99,Two,"Starving Hearts (Triangular Trade Trilogy, #1)"
20.66,Four,Shakespeare's Sonnets
17.46,Five,Set Me Free
52.29,Five,Scott Pilgrim's Precious Little Life (Scott Pilgrim #1)
35.02,Five,Rip it Up and Start Again
57.25,Three,"Our Band Could Be Your Life: Scenes from the American Indie Underground, 1981-1991"
23.88,One,Olio
37.59,One,Mesaerion: The Best Science Fiction Stories 1800-1849
51.33,Two,Libertarianism for Beginners
45.17,Two,It's Only the Himalayas
12.84,One,In Her Wake
37.32,Two,How Music Works
30.52,Three,"Foolproof Preserving: A Guide to Small Batch Jams, Jellies, Pickles, Condiments, and More: A Foolproof Guide to Making Small Batch Jams, Jellies, Pickles, Condiments, and More"
25.27,Five,Chase Me (Paris Nights #2)
34.53,Five,Black Dust
54.64,Three,Birdsong: A Story in Pictures
22.5,Three,America's Cradle of Quarterbacks: Western Pennsylvania's Football Factory from Johnny Unitas to Joe Montana
53.13,Three,Aladdin and His Wonderful Lamp
40.3,Five,Worlds Elsewhere: Journeys Around Shakespeare’s Globe
44.18,Four,Wall and Piece
17.66,Five,The Four Agreements: A Practical Guide to Personal Freedom
31.05,Three,The Five Love Languages: How to Express Heartfelt Commitment to Your Mate
23.82,Five,The Elephant Tree
36.89,One,The Bear and the Piano
15.94,Five,Sophie's World
33.29,Three,Penny Maybe
18.02,Two,Maude (1883-1993):She Grew Up with the country
19.63,One,"In a Dark, Dark Wood"
52.22,Four,Behind Closed Doors
33.63,Two,You can't bury them all: Poems
57.31,Three,Slow States of Collapse: Poems
26.41,Two,Reasons to Stay Alive
47.61,Five,Private Paris (Private #10)
23.11,Five,#HigherSelfie: Wake Up Your Life. Free Your Soul. Find Your Tribe.
45.07,Two,Without Borders (Wanderlove #1)
31.77,One,When We Collided
50.27,Five,"We Love You, Charlie Freeman"
14.27,Four,Untitled Collection: Sabbath Poems 2014
44.18,Four,"Unseen City: The Majesty of Pigeons, the Discreet Charm of Snails & Other Wonders of the Urban Wilderness"
18.78,Three,Unicorn Tracks
25.52,One,"Unbound: How Eight Technologies Made Us Human, Transformed Society, and Brought Our World to the Brink"
16.28,One,Tsubasa: WoRLD CHRoNiCLE 2 (Tsubasa WoRLD CHRoNiCLE #2)
31.12,Three,Throwing Rocks at the Google Bus: How Growth Became the Enemy of Prosperity
19.49,Four,This One Summer
17.27,Five,Thirst
19.09,One,The Torch Is Passed: A Harding Family Story
56.13,One,The Secret of Dreadwillow Carse
56.41,One,"The Pioneer Woman Cooks: Dinnertime: Comfort Classics, Freezer Food, 16-Minute Meals, and Other Delicious Ways to Solve Supper!"
56.5,Four,The Past Never Ends
45.22,Three,The Natural History of Us (The Fine Art of Pretending #2)
38.16,Four,The Nameless City (The Nameless City #1)
54.11,Three,The Murder That Never Was (Forensic Instincts #5)
42.96,Four,The Most Perfect Thing: Inside (and Outside) a Bird's Egg
23.89,Four,"The Mindfulness and Acceptance Workbook for Anxiety: A Guide to Breaking Free from Anxiety, Phobias, and Worry Using Acceptance and Commitment Therapy"
16.77,Three,The Life-Changing Magic of Tidying Up: The Japanese Art of Decluttering and Organizing
20.59,Five,"The Inefficiency Assassin: Time Management Tactics for Working Smarter, Not Longer"
37.13,One,The Gutsy Girl: Escapades for Your Life of Epic Adventure
56.06,One,The Electric Pencil: Drawings from Inside State Hospital No. 3
58.11,Four,The Death of Humanity: and the Case for Life
49.05,Three,"The Bulletproof Diet: Lose up to a Pound a Day, Reclaim Energy and Focus, Upgrade Your Life"
40.76,Three,The Art Forger
19.73,One,The Age of Genius: The Seventeenth Century and the Birth of the Modern Mind
32.24,Five,The Activist's Tao Te Ching: Ancient Advice for a Modern Revolution
41.83,Four,Spark Joy: An Illustrated Master Class on the Art of Organizing and Tidying Up
39.58,Two,Soul Reader
39.25,Two,Security
25.02,Three,"Saga, Volume 6 (Saga (Collected Editions) #6)"
51.04,Two,"Saga, Volume 5 (Saga (Collected Editions) #5)"
19.83,Two,Reskilling America: Learning to Labor in the Twenty-First Century
50.4,Three,"Rat Queens, Vol. 3: Demons (Rat Queens (Collected Editions) #11-15)"
13.61,Five,"Princess Jellyfish 2-in-1 Omnibus, Vol. 01 (Princess Jellyfish 2-in-1 Omnibus #1)"
13.34,Five,Princess Between Worlds (Wide-Awake Princess #5)
18.97,One,"Pop Gun War, Volume 1: Gift"
36.28,Two,"Political Suicide: Missteps, Peccadilloes, Bad Calls, Backroom Hijinx, Sordid Pasts, Rotten Breaks, and Just Plain Dumb Mistakes in the Annals of American Politics"
10.16,Three,Patience
15.44,Four,"Outcast, Vol. 1: A Darkness Surrounds Him (Outcast #1)"
48.41,One,orange: The Complete Collection 1 (orange: The Complete Collection #1)
46.35,One,Online Marketing for Busy Authors: A Step-By-Step Guide
14.07,Three,On a Midnight Clear
14.86,Two,Obsidian (Lux #1)
33.37,Two,My Paris Kitchen: Recipes and Stories
56.4,Two,Masks and Shadows
14.02,Four,"Mama Tried: Traditional Italian Cooking for the Screwed, Crude, Vegan, and Tattooed"
46.91,Two,"Lumberjanes, Vol. 2: Friendship to the Max (Lumberjanes #5-8)"
45.61,Three,"Lumberjanes, Vol. 1: Beware the Kitten Holy (Lumberjanes #1-4)"
19.92,Two,Lumberjanes Vol. 3: A Terrible Plan (Lumberjanes #9-12)
40.11,One,"Layered: Baking, Building, and Styling Spectacular Cakes"
53.9,Two,Judo: Seven Steps to Black Belt (an Introductory Guide for Beginners)
35.67,Five,Join
22.0,Four,In the Country We Love: My Family Divided
57.36,Five,Immunity: How Elie Metchnikoff Changed the Course of Modern Medicine
29.17,Two,"I Hate Fairyland, Vol. 1: Madly Ever After (I Hate Fairyland (Compilations) #1-5)"
54.63,Three,I am a Hero Omnibus Volume 1
46.03,One,How to Be Miserable: 40 Strategies You Already Use
33.97,One,Her Backup Boyfriend (The Sorensen Family #1)
22.11,Two,"Giant Days, Vol. 2 (Giant Days #5-8)"
29.69,Three,Forever and Forever: The Courtship of Henry Longfellow and Fanny Appleton
15.97,Four,First and First (Five Boroughs #3)
21.96,One,Fifty Shades Darker (Fifty Shades #2)
54.35,Two,Everydata: The Misinformation Hidden in the Little Data You Consume Every Day
37.97,Two,"Don't Be a Jerk: And Other Practical Advice from Dogen, Japan's Greatest Zen Master"
51.99,Four,Danganronpa Volume 1
43.29,Three,Crown of Midnight (Throne of Glass #2)
36.72,Four,"Codename Baboushka, Volume 1: The Conclave of Death"
17.08,Four,Camp Midnight
29.14,Five,Call the Nurse: True Stories of a Country Nurse on a Scottish Isle
28.81,Three,Burning
49.46,Two,Bossypants
37.92,Two,"Bitch Planet, Vol. 1: Extraordinary Machine (Bitch Planet (Collected Editions))"
28.09,Two,"Avatar: The Last Airbender: Smoke and Shadow, Part 3 (Smoke and Shadow #3)"
30.81,One,Algorithms to Live By: The Computer Science of Human Decisions
42.95,One,A World of Flavor: Your Gluten Free Passport
56.76,Five,"A Piece of Sky, a Grain of Rice: A Memoir in Four Meditations"
16.64,One,A Murder in Time
55.53,Five,A Flight of Arrows (The Pathfinders #2)
28.13,Four,A Fierce and Subtle Poison
52.37,One,A Court of Thorns and Roses (A Court of Thorns and Roses #1)
54.0,Five,(Un)Qualified: How God Uses Broken People to Do Big Things
21.87,Four,You Are What You Love: The Spiritual Power of Habit
43.3,Four,"William Shakespeare's Star Wars: Verily, A New Hope (William Shakespeare's Star Wars #4)"
21.04,Two,Tuesday Nights in 1980
41.6,Three,Tracing Numbers on a Train
35.07,Three,Throne of Glass (Throne of Glass #1)
59.64,One,Thomas Jefferson and the Tripoli Pirates: The Forgotten War That Changed American History
52.72,One,Thirteen Reasons Why
58.08,Four,The White Cat and the Monk: A Retelling of the Poem “Pangur Bán”
24.12,One,The Wedding Dress
42.15,Four,The Vacationers
12.61,Five,The Third Wave: An Entrepreneur’s Vision of the Future
17.44,Four,The Stranger
33.14,One,The Shadow Hero (The Shadow Hero)
27.37,Four,The Secret (The Secret #1)
51.36,Five,The Regional Office Is Under Attack!
36.0,Two,The Psychopath Test: A Journey Through the Madness Industry
10.65,One,The Project
43.54,Two,The Power of Now: A Guide to Spiritual Enlightenment
38.21,Two,The Omnivore's Dilemma: A Natural History of Four Meals
37.34,Five,The Nerdy Nummies Cookbook: Sweet Treats for the Geek in All of Us
44.1,Four,The Murder of Roger Ackroyd (Hercule Poirot #4)
43.29,Three,The Mistake (Off-Campus #2)
55.85,One,The Matchmaker's Playbook (Wingmen Inc. #1)
37.6,Two,The Love and Lemons Cookbook: An Apple-to-Zucchini Celebration of Impromptu Cooking
10.97,One,The Long Shadow of Small Ghosts: Murder and Memory in an American City
41.82,Four,The Kite Runner
36.95,One,The House by the Lake
44.28,One,The Glittering Court (The Glittering Court #1)
55.02,Two,The Girl on the Train
17.24,One,The Genius of Birds
23.15,Two,The Emerald Mystery
41.25,One,The Cookies & Cups Cookbook: 125+ sweet & savory recipes reminding you to Always Eat Dessert First
32.0,Three,The Bridge to Consciousness: I'm Writing the Bridge Between Science and Our Old and New Beliefs.
38.49,Five,The Artist's Way: A Spiritual Path to Higher Creativity
33.34,Five,The Art of War
10.93,Two,The Argonauts
27.55,Three,The 10% Entrepreneur: Live Your Startup Dream Without Quitting Your Day Job
55.99,Two,Suddenly in Love (Lake Haven #1)
16.24,Four,Something More Than This
26.12,Two,Soft Apocalypse
12.23,Two,So You've Been Publicly Shamed
23.99,Two,Shoe Dog: A Memoir by the Creator of NIKE
29.06,Three,"Shobu Samurai, Project Aryoku (#3)"
20.27,One,Secrets and Lace (Fatal Hearts #1)
43.55,Five,Scarlett Epstein Hates It Here
36.94,One,Romero and Juliet: A Tragic Tale of Love and Zombies
20.47,Five,Redeeming Love
41.06,One,Poses for Artists Volume 1 - Dynamic and Sitting Poses: An Essential Reference for Figure Drawing and the Human Form
14.19,Four,Poems That Make Grown Women Cry
38.28,One,"Nightingale, Sing"
41.05,One,Night Sky with Exit Wounds
30.25,Five,Mrs. Houdini
28.26,Five,Modern Romance
10.76,One,Miss Peregrine’s Home for Peculiar Children (Miss Peregrine’s Peculiar Children #1)
16.85,Two,Louisa: The Extraordinary Life of Mrs. Adams
13.47,Three,Little Red
48.56,Five,Library of Souls (Miss Peregrine’s Peculiar Children #3)
19.15,Two,Large Print Heart of the Pride
57.36,Four,I Had a Nice Time And Other Lies...: How to find love & sh*t like that
42.98,One,Hollow City (Miss Peregrine’s Peculiar Children #2)
22.16,Two,Grumbles
49.43,Four,Full Moon over Noah’s Ark: An Odyssey to Mount Ararat and Beyond
29.99,Five,Frostbite (Vampire Academy #2)
21.36,One,Follow You Home
29.0,One,First Steps for New Christians (Print Edition)
53.53,Five,Finders Keepers (Bill Hodges Trilogy #2)
41.62,Four,"Fables, Vol. 1: Legends in Exile (Fables #1)"
54.59,Four,Eureka Trivia 6.0
34.95,Four,Drive: The Surprising Truth About What Motivates Us
37.72,Five,Done Rubbed Out (Reightman & Bailey #1)
35.61,Three,Doing It Over (Most Likely To #1)
42.16,Three,"Deliciously Ella Every Day: Quick and Easy Recipes for Gluten-Free Snacks, Packed Lunches, and Simple Meals"
19.19,Five,Dark Notes
19.43,Three,"Daring Greatly: How the Courage to Be Vulnerable Transforms the Way We Live, Love, Parent, and Lead"
49.46,Four,Close to You
37.8,Two,Chasing Heaven: What Dying Taught Me About Living
30.8,Three,Big Magic: Creative Living Beyond Fear
27.43,Two,Becoming Wise: An Inquiry into the Mystery and Art of Living
11.11,Two,Beauty Restored (Riley Family Legacy Novellas #3)
36.5,Two,Batman: The Long Halloween (Batman)
15.38,Five,Batman: The Dark Knight Returns (Batman)
15.48,Two,Ayumi's Violin
46.82,Four,Anonymous
18.46,Three,Amy Meets the Saints and Sages
36.58,One,Amid the Chaos
50.54,Five,Amatus
12.51,Five,Agnostic: A Spirited Manifesto
24.7,Three,Zealot: The Life and Times of Jesus of Nazareth
43.61,Five,You (You #1)
37.34,Four,"Wonder Woman: Earth One, Volume One (Wonder Woman: Earth One #1)"
14.36,Two,Wild Swans
52.65,Four,Why the Right Went Wrong: Conservatism--From Goldwater to the Tea Party and Beyond
38.2,Four,Whole Lotta Creativity Going On: 60 Fun and Unusual Exercises to Awaken and Strengthen Your Creativity
19.6,Two,What's It Like in Space?: Stories from Astronauts Who've Been There
53.9,One,"We Are Robin, Vol. 1: The Vigilante Business (We Are Robin #1)"
12.96,Five,Walt Disney's Alice in Wonderland
37.1,Four,V for Vendetta (V for Vendetta Complete)
46.31,Two,Until Friday Night (The Field Party #1)
45.95,Two,"Unbroken: A World War II Story of Survival, Resilience, and Redemption"
22.08,Two,Twenty Yawns
25.38,Two,Through the Woods
27.12,Two,This Is Where It Ends
43.04,Two,The Year of Magical Thinking
56.8,Four,The Wright Brothers
25.91,Five,The White Queen (The Cousins' War #1)
32.61,Three,The Wedding Pact (The O'Malleys #2)
27.88,Five,The Time Keeper
52.67,Four,The Testament of Mary
46.02,Five,The Star-Touched Queen
44.48,Five,The Songs of the Gods
37.4,Five,The Song of Achilles
54.04,One,The Rosie Project (Don Tillman #1)
16.88,Three,The Power of Habit: Why We Do What We Do in Life and Business
28.08,Four,The Marriage of Opposites
10.4,One,The Lucifer Effect: Understanding How Good People Turn Evil
44.07,One,The Long Haul (Diary of a Wimpy Kid #9)
23.4,One,The Loney
17.43,Three,The Literature Book (Big Ideas Simply Explained)
54.21,Two,The Last Mile (Amos Decker #2)
40.67,Two,The Immortal Life of Henrietta Lacks
52.26,Two,The Hidden Oracle (The Trials of Apollo #1)
28.77,Three,The Help Yourself Cookbook for Kids: 60 Easy Plant-Based Recipes Kids Can Make to Stay Healthy and Save the Earth
13.82,Two,The Guilty (Will Robie #4)
25.85,Three,The First Hostage (J.B. Collins #2)
48.78,One,The Dovekeepers
35.35,Five,The Darkest Lie
44.73,Four,The Bane Chronicles (The Bane Chronicles #1-11)
15.77,One,The Bad-Ass Librarians of Timbuktu: And Their Race to Save the World’s Most Precious Manuscripts
39.24,One,The 14th Colony (Cotton Malone #11)
13.92,One,That Darkness (Gardiner and Renner #1)
10.69,One,Tastes Like Fear (DI Marnie Rome #3)
45.21,Three,Take Me with You
45.58,One,Swell: A Year of Waves
11.89,Five,Superman Vol. 1: Before Truth (Superman by Gene Luen Yang #1)
26.41,Three,Still Life with Bread Crumbs
39.5,Five,Steve Jobs
44.74,Four,Sorting the Beef from the Bull: The Science of Food Fraud Forensics
52.79,Five,Someone Like You (The Harrisons #2)
35.43,Four,"So Cute It Hurts!!, Vol. 6 (So Cute It Hurts!! #6)"
55.84,Four,Shtum
48.87,Three,See America: A Celebration of Our National Parks & Treasured Sites
46.78,Four,salt.
47.82,Three,Robin War
25.48,Two,"Red Hood/Arsenal, Vol. 1: Open for Business (Red Hood/Arsenal #1)"
23.57,Three,Rain Fish
50.89,Five,"Quarter Life Poetry: Poems for the Young, Broke and Hangry"
10.56,Three,Pet Sematary
52.15,Three,"Overload: How to Unplug, Unwind, and Unleash Yourself from the Pressure of Stress"
18.28,Two,Once Was a Time
11.83,Five,Old School (Diary of a Wimpy Kid #10)
21.95,Two,No Dream Is Too High: Life Lessons From a Man Who Walked on the Moon
38.39,Two,"Naruto (3-in-1 Edition), Vol. 14: Includes Vols. 40, 41 & 42 (Naruto: Omnibus #14)"
41.56,One,My Name Is Lucy Barton
24.48,Three,My Mrs. Brown
40.36,One,My Kind of Crazy
28.9,One,Mr. Mercedes (Bill Hodges Trilogy #1)
37.61,Two,More Than Music (Chasing the Dream #1)
38.85,Five,Made to Stick: Why Some Ideas Survive and Others Die
53.95,Three,Luis Paints the World
49.83,Three,Luckiest Girl Alive
51.51,Two,Lowriders to the Center of the Earth (Lowriders in Space #2)
18.03,One,Love Is a Mix Tape (Music #1)
29.14,Five,Looking for Lovely: Collecting the Moments that Matter
46.91,Four,"Living Leadership by Insight: A Good Leader Achieves, a Great Leader Builds Monuments"
26.79,Five,Let It Out: A Journey Through Journaling
16.28,Five,Lady Midnight (The Dark Artifices #1)
19.55,One,"It's All Easy: Healthy, Delicious Weeknight Meals in under 30 Minutes"
29.65,One,Island of Dragons (Unwanteds #7)
25.98,Four,I Know What I'm Doing -- and Other Lies I Tell Myself: Dispatches from a Life Under Construction
10.6,Four,I Am Pilgrim (Pilgrim #1)
14.75,Five,"Hyperbole and a Half: Unfortunate Situations, Flawed Coping Mechanisms, Mayhem, and Other Things That Happened"
47.02,Three,"Hush, Hush (Hush, Hush #1)"
28.82,One,Hold Your Breath (Search and Rescue #1)
58.79,Three,Hamilton: The Revolution
10.23,Five,Greek Mythic History
30.03,Five,God: The Most Unpleasant Character in All Fiction
45.84,Three,Glory over Everything: Beyond The Kitchen House
49.05,Three,Feathers: Displays of Brilliant Plumage
15.06,Four,"Far & Away: Places on the Brink of Change: Seven Continents, Twenty-Five Years"
46.47,Three,Every Last Word
27.09,Three,Eligible (The Austen Project #4)
57.62,Five,El Deafo
14.39,Four,Eight Hundred Grapes
51.75,Five,"Eaternity: More than 150 Deliciously Easy Vegan Recipes for a Long, Healthy, Satisfied, Joyful Life"
54.07,Two,"Eat Fat, Get Thin"
55.35,One,Don't Get Caught
40.12,Two,Doctor Sleep (The Shining #2)
37.51,Five,Demigods & Magicians: Percy and Annabeth Meet the Kanes (Percy Jackson & Kane Chronicles Crossover #1-3)
11.21,Five,Dear Mr. Knightley
36.58,One,Daily Fantasy Sports
47.72,Two,Crazy Love: Overwhelmed by a Relentless God
25.01,Three,Cometh the Hour (The Clifton Chronicles #6)
22.13,Four,Code Name Verity (Code Name Verity #1)
44.14,One,Clockwork Angel (The Infernal Devices #1)
56.02,Four,City of Glass (The Mortal Instruments #3)
11.23,Four,City of Fallen Angels (The Mortal Instruments #4)
43.28,One,City of Bones (The Mortal Instruments #1)
47.27,One,City of Ashes (The Mortal Instruments #2)
20.29,Four,Cell
50.83,Three,Catching Jordan (Hundred Oaks)
31.85,Three,"Carry On, Warrior: Thoughts on Life Unarmed"
46.23,Two,Carrie
37.8,Four,Buying In: The Secret Dialogue Between What We Buy and Who We Are
49.32,Five,Brain on Fire: My Month of Madness
32.01,Two,Batman: Europa
28.01,One,Barefoot Contessa Back to Basics
50.62,Five,Barefoot Contessa at Home: Everyday Recipes You'll Make Over and Over Again
17.03,Three,Balloon Animals
48.8,Three,Art Ops Vol. 1
58.14,Four,Aristotle and Dante Discover the Secrets of the Universe (Aristotle and Dante Discover the Secrets of the Universe #1)
34.2,Two,Angels Walking (Angels Walking #1)
51.48,Three,Angels & Demons (Robert Langdon #1)
29.87,Five,All the Light We Cannot See
10.9,Two,"Adulthood Is a Myth: A ""Sarah's Scribbles"" Collection"
56.37,Five,Abstract City
48.35,Five,A Time of Torment (Charlie Parker #14)
16.73,Two,A Study in Scarlet (Sherlock Holmes #1)
56.48,Two,"A Series of Catastrophes and Miracles: A True Story of Love, Science, and Cancer"
40.79,Two,A People's History of the United States
39.72,One,A Man Called Ove
14.58,Three,A Distant Mirror: The Calamitous 14th Century
55.51,One,A Brush of Wings (Angels Walking #3)
21.8,Three,1491: New Revelations of the Americas Before Columbus
13.33,Three,"The Three Searches, Meaning, and the Story"
38.73,One,Searching for Meaning in Gailana
37.86,Four,Rook
11.53,Two,My Kitchen Year: 136 Recipes That Saved My Life
27.06,One,13 Hours: The Inside Account of What Really Happened In Benghazi
13.86,Three,Will You Won't You Want Me?
37.55,One,Tipping Point for Planet Earth: How Close Are We to the Edge?
46.29,Five,The Silent Sister (Riley MacPherson #1)
26.2,One,The Midnight Watch: A Novel of the Titanic and the Californian
33.26,Two,The Lonely City: Adventures in the Art of Being Alone
59.15,Four,The Gray Rhino: How to Recognize and Act on the Obvious Dangers We Ignore
39.43,One,The Golden Condom: And Other Essays on Love Lost and Found
14.44,Five,The Epidemic (The Program 0.6)
56.54,Two,The Dinner Party
59.9,Three,The Diary of a Young Girl
11.88,Three,The Children
48.05,Two,Stars Above (The Lunar Chronicles #4.5)
21.21,Three,Snatched: How A Drug Queen Went Undercover for the DEA and Was Kidnapped By Colombian Guerillas
49.67,Four,Raspberry Pi Electronics Projects for the Evil Genius
43.14,One,Quench Your Own Thirst: Business Lessons Learned Over a Beer or Two
36.97,Five,Psycho: Sanitarium (Psycho #1.5)
26.8,Three,Poisonous (Max Revere Novels #3)
15.71,Four,One with You (Crossfire #5)
54.65,Four,No Love Allowed (Dodge Cove #1)
54.36,Four,Murder at the 42nd Street Library (Raymond Ambler #1)
35.28,Three,Most Wanted
20.55,Two,"Love, Lies and Spies"
58.32,Five,How to Speak Golf: An Illustrated Guide to Links Lingo
11.84,One,Hide Away (Eve Duncan #20)
41.46,Four,Furiously Happy: A Funny Book About Horrible Things
20.1,Five,Everyday Italian: 125 Simple and Delicious Recipes
56.86,One,Equal Is Unfair: America's Misguided Fight Against Income Inequality
56.51,Five,Eleanor & Park
40.83,Four,Dirty (Dive Bar #1)
48.64,One,Can You Keep a Secret? (Fear Street Relaunch #4)
59.48,Three,Boar Island (Anna Pigeon #19)
39.01,Four,A Paris Apartment
38.77,One,"A la Mode: 120 Recipes in 60 Pairings: Pies, Tarts, Cakes, Crisps, and More Topped with Ice Cream, Gelato, Frozen Custard, and More"
48.39,Two,Troublemaker: Surviving Hollywood and Scientology
27.26,Two,The Widow
11.68,Four,"The Sleep Revolution: Transforming Your Life, One Night at a Time"
59.45,One,The Improbability of Love
21.0,Three,The Art of Startup Fundraising
53.98,Three,Take Me Home Tonight (Rock Star Romance #3)
48.74,One,Sleeping Giants (Themis Files #1)
21.15,Two,"Setting the World on Fire: The Brief, Astonishing Life of St. Catherine of Siena"
13.71,Three,Playing with Fire
47.67,Three,Off the Hook (Fishing for Trouble #1)
13.34,Two,Mothering Sunday
16.89,Five,"Mother, Can You Not?"
27.18,One,M Train
17.28,Two,Lilac Girls
45.14,One,Lies and Other Acts of Love
40.85,One,Lab Girl
20.46,Four,Keep Me Posted
56.27,Three,It Didn't Start with You: How Inherited Family Trauma Shapes Who We Are and How to End the Cycle
48.49,Four,Grey (Fifty Shades #4)
51.34,Four,"Exit, Pursued by a Bear"
16.34,Three,Daredevils
20.5,Three,Cravings: Recipes for What You Want to Eat
21.59,Five,Born for This: How to Find the Work You Were Meant to Do
21.36,Four,Arena
20.88,Five,Adultery
19.53,Three,A Mother's Reckoning: Living in the Aftermath of Tragedy
14.75,Five,A Gentleman's Position (Society of Gentlemen #3)
48.48,Three,11/22/63
24.57,Two,"10% Happier: How I Tamed the Voice in My Head, Reduced Stress Without Losing My Edge, and Found Self-Help That Actually Works"
49.71,Five,10-Day Green Smoothie Cleanse: Lose Up to 15 Pounds in 10 Days!
48.27,Five,Without Shame
58.05,Four,Watchmen
58.87,Four,Unlimited Intuition Now
11.82,Two,Underlying Notes
28.03,One,The Shack
44.05,Five,The New Brand You: Your New Image Makes the Sale for You
12.34,Four,"The Moosewood Cookbook: Recipes from Moosewood Restaurant, Ithaca, New York"
16.68,Two,The Flowers Lied
55.91,One,"The Fabric of the Cosmos: Space, Time, and the Texture of Reality"
24.57,Three,The Book of Mormon
52.98,Five,The Art and Science of Low Carbohydrate Living
54.4,One,The Alien Club
54.81,Five,Suzie Snowflake: One beautiful flake (a self-esteem story)
25.08,One,Nap-a-Roo
10.41,Four,"NaNo What Now? Finding your editing process, revising your NaNoWriMo book and building a writing career through publishing and beyond"
47.44,Two,Modern Day Fables
20.91,One,If I Gave You God's Phone Number....: Searching for Spirituality in America
33.95,Four,"Fruits Basket, Vol. 9 (Fruits Basket #9)"
43.68,Three,Dress Your Family in Corduroy and Denim
33.23,One,Don't Forget Steven
35.92,Two,Chernobyl 01:23:40: The Incredible True Story of the World's Worst Nuclear Disaster
48.63,Four,Art and Fear: Observations on the Perils (and Rewards) of Artmaking
56.63,Three,A Shard of Ice (The Black Symphony Saga #1)
50.49,Three,A Hero's Curse (The Unseen Chronicles #1)
35.79,Two,23 Degrees South: A Tropical Tale of Changing Whether...
34.06,Three,"Zero to One: Notes on Startups, or How to Build the Future"
17.76,One,Why Not Me?
39.36,Two,When Breath Becomes Air
36.94,Two,Vagabonding: An Uncommon Guide to the Art of Long-Term World Travel
43.62,Five,The Unlikely Pilgrimage of Harold Fry (Harold Fry #1)
43.02,Three,The New Drawing on the Right Side of the Brain
28.45,Four,"The Midnight Assassin: Panic, Scandal, and the Hunt for America's First Serial Killer"
41.39,Two,The Martian (The Martian #1)
51.15,One,The High Mountains of Portugal
35.88,One,The Grownup
36.91,One,The E-Myth Revisited: Why Most Small Businesses Don't Work and What to Do About It
28.93,One,South of Sunshine
38.89,Five,Smarter Faster Better: The Secrets of Being Productive in Life and Business
58.33,Three,Silence in the Dark (Logan Point #4)
39.67,Five,Shadows of the Past (Logan Point #1)
14.1,Five,Roller Girl
21.82,Three,Rising Strong
54.21,One,Proofs of God: Classical Arguments from Tertullian to Barth
31.19,Four,Please Kill Me: The Uncensored Oral History of Punk
53.64,Five,Out of Print: City Lights Spotlight No. 14
36.39,Five,My Life Next Door (My Life Next Door )
58.54,Two,Miller's Valley
29.48,Three,Man's Search for Meaning
25.06,Two,"Love That Boy: What Two Presidents, Eight Road Trips, and My Son Taught Me About a Parent's Expectations"
12.55,Three,Living Forward: A Proven Plan to Stop Drifting and Get the Life You Want
29.04,Five,Les Fleurs du Mal
40.72,Two,Left Behind (Left Behind #1)
45.05,Five,Kill 'Em and Leave: Searching for James Brown and the American Soul
47.13,One,Kierkegaard: A Christian Missionary to Christians
20.22,Four,John Vassos: Industrial Design for Modern Life
56.48,One,I'll Give You the Sun
44.21,One,I Will Find You
21.96,Four,Hystopia: A Novel
40.45,Two,Howl and Other Poems
10.29,Four,History of Beauty
52.86,Two,Heaven is for Real: A Little Boy's Astounding Story of His Trip to Heaven and Back
55.65,Five,Future Shock (Future Shock #1)
43.64,One,Ender's Game (The Ender Quintet #1)
28.41,One,Diary of a Citizen Scientist: Chasing Tiger Beetles and Other New Ways of Engaging the World
37.51,Four,Death by Leisure: A Cautionary Tale
11.45,Three,Brilliant Beacons: A History of the American Lighthouse
19.22,Two,Brazen: The Courage to Find the You That's Been Hiding
56.91,Four,Between the World and Me
55.06,Four,Being Mortal: Medicine and What Matters in the End
13.2,Three,"A Murder Over a Girl: Justice, Gender, Junior High"
53.63,Two,32 Yolks
44.48,Five,"""Most Blessed of the Patriarchs"": Thomas Jefferson and the Empire of the Imagination"
12.08,Three,You Are a Badass: How to Stop Doubting Your Greatness and Start Living an Awesome Life
22.14,Two,Wildlife of New York: A Five-Borough Coloring Book
25.37,Five,What Happened on Beale Street (Secrets of the South Mysteries #2)
46.33,Two,Unreasonable Hope: Finding Faith in the God Who Brings Purpose to Your Pain
37.33,Three,Under the Tuscan Sun
25.55,One,Toddlers Are A**holes: It's Not Your Fault
34.72,One,The Year of Living Biblically: One Man's Humble Quest to Follow the Bible as Literally as Possible
35.96,Four,The Whale
41.14,Four,The Story of Art
10.01,Four,The Origin of Species
36.05,Four,The Great Gatsby
49.03,Three,The Good Girl
16.24,One,The Glass Castle
39.55,One,The Faith of Christopher Hitchens: The Restless Soul of the World's Most Notorious Atheist
35.67,Three,The Drowning Girls
16.62,Three,The Constant Princess (The Tudor Court #1)
42.78,Four,The Bourne Identity (Jason Bourne #1)
52.3,Five,The Bachelor Girl's Guide to Murder (Herringford and Watts Mysteries #1)
32.34,Two,The Art Book
33.17,Four,The 7 Habits of Highly Effective People: Powerful Lessons in Personal Change
20.12,Five,Team of Rivals: The Political Genius of Abraham Lincoln
20.9,Two,Steal Like an Artist: 10 Things Nobody Told You About Being Creative
20.9,Three,"Sit, Stay, Love"
40.2,Four,Sister Dear
52.87,Three,"Shrunken Treasures: Literary Classics, Short, Sweet, and Silly"
51.74,One,"Rich Dad, Poor Dad"
34.41,Two,Raymie Nightingale
32.38,One,Playing from the Heart
50.35,Four,Nightstruck: A Novel
11.38,Five,"Naturally Lean: 125 Nourishing Gluten-Free, Plant-Based Recipes--All Under 300 Calories"
43.58,Three,Meternity
49.67,Three,Memoirs of a Geisha
28.77,Two,Like Never Before (Walker Family #2)
13.22,Four,Life of Pi
51.17,Five,Leave This Song Behind: Teen Poetry at Its Best
39.61,Five,King's Folly (The Kinsman Chronicles #1)
57.43,Four,John Adams
46.01,Four,How to Cook Everything Vegetarian: Simple Meatless Recipes for Great Food (How to Cook Everything)
28.25,Two,How to Be a Domestic Goddess: Baking and the Art of Comfort Cooking
37.05,Five,Good in Bed (Cannie Shapiro #1)
19.57,One,"Fruits Basket, Vol. 7 (Fruits Basket #7)"
45.13,Three,For the Love: Fighting for Grace in a World of Impossible Standards
46.64,Two,Finding God in the Ruins: How God Redeems Pain
12.16,Five,Every Heart a Doorway (Every Heart A Doorway #1)
20.89,Four,Delivering the Truth (Quaker Midwife Mystery #1)
17.97,Five,Counted With the Stars (Out from Egypt #1)
52.6,Two,"Chronicles, Vol. 1"
25.77,One,Blue Like Jazz: Nonreligious Thoughts on Christian Spirituality
48.19,Three,Benjamin Franklin: An American Life
29.93,Five,"At The Existentialist Café: Freedom, Being, and apricot cocktails with: Jean-Paul Sartre, Simone de Beauvoir, Albert Camus, Martin Heidegger, Edmund Husserl, Karl Jaspers, Maurice Merleau-Ponty and others"
44.34,Two,A Summer In Europe
52.4,Five,A Short History of Nearly Everything
44.81,Four,A Gathering of Shadows (Shades of Magic #2)
57.84,Five,The Sound Of Love
39.67,Two,The Rise and Fall of the Third Reich: A History of Nazi Germany
55.02,Three,The Perks of Being a Wallflower
24.8,Four,The Mysterious Affair at Styles (Hercule Poirot #1)
59.45,Four,The Man Who Mistook His Wife for a Hat and Other Clinical Tales
31.58,Two,The Makings of a Fatherless Child
43.27,Four,The Joy of Cooking
37.34,One,The Invention of Wings
17.8,Five,The Hobbit (Middle-Earth Universe)
30.54,One,The Great Railway Bazaar
18.77,One,The Golden Compass (His Dark Materials #1)
46.85,Three,The God Delusion
15.79,One,The Girl You Left Behind (The Girl You Left Behind #1)
10.27,Two,The Fellowship of the Ring (The Lord of the Rings #1)
15.42,Five,The Collected Poems of W.B. Yeats (The Collected Works of W.B. Yeats #1)
59.92,Five,The Barefoot Contessa Cookbook
50.96,Two,Tell the Wolves I'm Home
30.6,Three,Ship Leaves Harbor: Essays on Travel by a Recovering Journeyman
19.27,Four,Pride and Prejudice
46.58,One,Musicophilia: Tales of Music and the Brain
48.51,Three,Mere Christianity
19.02,One,Me Before You (Me Before You #1)
38.38,Two,In the Woods (Dublin Murder Squad #1)
49.98,Four,In Cold Blood
46.49,Five,How to Stop Worrying and Start Living
18.32,Two,Give It Back
42.14,Three,"Girl, Interrupted"
56.59,Four,Fun Home: A Family Tragicomic
20.96,Four,"Fruits Basket, Vol. 6 (Fruits Basket #6)"
40.32,Four,Deception Point
36.39,Three,"Death Note, Vol. 6: Give-and-Take (Death Note #6)"
58.55,Four,Catherine the Great: Portrait of a Woman
39.61,Three,Better Homes and Gardens New Cook Book
21.3,Three,An Unquiet Mind: A Memoir of Moods and Madness
56.88,Four,A Year in Provence (Provence #1)
32.97,Four,World Without End (The Pillars of the Earth #2)
47.31,Four,"Will Grayson, Will Grayson (Will Grayson, Will Grayson)"
48.67,Two,Why Save the Bankers?: And Other Essays on Our Economic and Political Crisis
41.73,Four,Where She Went (If I Stay #2)
53.68,Four,What If?: Serious Scientific Answers to Absurd Hypothetical Questions
14.64,One,Two Summers
38.4,One,This Is Your Brain on Music: The Science of a Human Obsession
15.08,Four,The Secret Garden
30.57,Two,The Raven King (The Raven Cycle #4)
57.74,Four,The Raven Boys (The Raven Cycle #1)
11.05,Five,The Power Greens Cookbook: 140 Delicious Superfood Recipes
28.58,One,The Metamorphosis
42.91,Five,The Mathews Men: Seven Brothers and the War Against Hitler's U-boats
24.73,Three,The Little Paris Bookshop
55.91,Four,The Hiding Place
13.76,Three,The Grand Design
45.56,Three,The Firm
47.22,One,The Fault in Our Stars
56.0,Five,The False Prince (The Ascendance Trilogy #1)
44.58,Two,The Expatriates
34.5,One,The Dream Thieves (The Raven Cycle #2)
11.33,Five,The Darkest Corners
38.77,Four,The Crossover
11.83,Two,The 5th Wave (The 5th Wave #1)
45.51,Three,Tell the Wind and Fire
41.81,One,Tell Me Three Things
25.15,Four,Talking to Girls About Duran Duran: One Young Man's Quest for True Love and a Cooler Haircut
34.22,Five,Siddhartha
16.23,Five,Shiver (The Wolves of Mercy Falls #1)
11.48,Three,Remember Me?
23.37,Three,Red Dragon (Hannibal Lecter #1)
16.28,Two,Peak: Secrets from the New Science of Expertise
31.63,Four,My Mother Was Nuts
24.91,Five,Mexican Today: New and Rediscovered Recipes for Contemporary Kitchens
22.54,One,Maybe Something Beautiful: How Art Transformed a Neighborhood
23.63,Four,Lola and the Boy Next Door (Anna and the French Kiss #2)
13.12,Two,Logan Kade (Fallen Crest High #5.5)
59.98,Three,Last One Home (New Beginnings #1)
31.49,Four,Killing Floor (Jack Reacher #1)
15.52,Five,Kill the Boy Band
48.13,Five,Isla and the Happily Ever After (Anna and the French Kiss #3)
38.13,Five,If I Stay (If I Stay #1)
36.55,Two,I Know Why the Caged Bird Sings (Maya Angelou's Autobiography #1)
23.32,One,Harry Potter and the Deathly Hallows (Harry Potter #7)
16.33,One,"Fruits Basket, Vol. 5 (Fruits Basket #5)"
32.42,One,Foundation (Foundation (Publication Order) #1)
16.96,One,Fool Me Once
22.37,One,Find Her (Detective D.D. Warren #8)
42.27,One,Evicted: Poverty and Profit in the American City
38.7,Two,Drama
35.63,Five,Dracula the Un-Dead
58.0,Five,Digital Fortress
52.41,One,"Death Note, Vol. 5: Whiteout (Death Note #5)"
32.35,Three,"Data, A Love Story: How I Gamed Online Dating to Meet My Match"
20.75,One,Critique of Pure Reason
17.49,Five,Booked
34.13,Five,"Blue Lily, Lily Blue (The Raven Cycle #3)"
58.81,Five,Approval Junkie: Adventures in Caring Too Much
10.0,Five,An Abundance of Katherines
51.22,Two,America's War for the Greater Middle East: A Military History
58.59,Four,Alight (The Generations Trilogy #2)
31.3,One,A Girl's Guide to Moving On (New Beginnings #2)
46.42,Two,A Game of Thrones (A Song of Ice and Fire #1)
17.21,Four,A Feast for Crows (A Song of Ice and Fire #4)
10.79,Three,A Clash of Kings (A Song of Ice and Fire #2)
52.35,Four,Vogue Colors A to Z: A Fashion Coloring Book
27.88,Three,The Shining (The Shining #1)
50.26,Two,The Pilgrim's Progress
59.99,Three,The Perfect Play (Play by Play #1)
28.32,Five,The Passion of Dolssa
38.71,Three,The Jazz of Physics: The Secret Link Between Music and the Structure of the Universe
29.85,Five,The Hunger Games (The Hunger Games #1)
14.82,Two,The Hound of the Baskervilles (Sherlock Holmes #5)
16.81,Four,The Gunning of America: Business and the Making of American Gun Culture
28.23,Two,The Geography of Bliss: One Grump's Search for the Happiest Places in the World
52.11,Two,The Demonists (Demonist #1)
27.88,Two,"The Demon Prince of Momochi House, Vol. 4 (The Demon Prince of Momochi House #4)"
59.71,Three,The Bone Hunters (Lexy Vaughan & Steven Macaulay #2)
46.08,Five,The Beast (Black Dagger Brotherhood #14)
13.73,Five,Some Women
48.39,Five,Shopaholic Ties the Knot (Shopaholic #3)
49.45,Five,Paper and Fire (The Great Library #2)
19.67,Five,Outlander (Outlander #1)
12.36,Three,"Orchestra of Exiles: The Story of Bronislaw Huberman, the Israel Philharmonic, and the One Thousand Jews He Saved from Nazi Horrors"
20.02,Five,No One Here Gets Out Alive
12.75,Four,Night Shift (Night Shift #1-20)
47.51,Four,Needful Things
20.44,Four,Mockingjay (The Hunger Games #3)
34.79,Two,Misery
28.07,Four,Little Women (Little Women #1)
25.01,Three,It
13.9,Three,Harry Potter and the Sorcerer's Stone (Harry Potter #1)
24.17,Four,Harry Potter and the Prisoner of Azkaban (Harry Potter #3)
31.63,Four,Harry Potter and the Order of the Phoenix (Harry Potter #5)
48.75,Five,Harry Potter and the Half-Blood Prince (Harry Potter #6)
14.74,One,Harry Potter and the Chamber of Secrets (Harry Potter #2)
32.49,Three,Gone with the Wind
27.8,One,God Is Not Great: How Religion Poisons Everything
26.77,One,Girl With a Pearl Earring
50.44,Four,"Fruits Basket, Vol. 4 (Fruits Basket #4)"
34.93,Two,Far From True (Promise Falls Trilogy #2)
12.87,One,Dark Lover (Black Dagger Brotherhood #1)
48.94,Two,Confessions of a Shopaholic (Shopaholic #1)
13.38,Three,Changing the Game (Play by Play #2)
58.63,Three,Candide
21.94,One,Can You Keep a Secret?
26.58,Five,Atlas Shrugged
57.22,Three,Animal Farm
56.43,One,A Walk to Remember
55.65,Five,A New Earth: Awakening to Your Life's Purpose
27.62,One,"A History of God: The 4,000-Year Quest of Judaism, Christianity, and Islam"
49.56,Four,'Salem's Lot
34.77,One,Zero History (Blue Ant #3)
17.73,Three,Wuthering Heights
21.8,One,World War Z: An Oral History of the Zombie War
46.02,Three,Wild: From Lost to Found on the Pacific Crest Trail
18.13,One,"Where'd You Go, Bernadette"
30.89,Five,When You Are Engulfed in Flames
31.95,Three,We the People: The Modern-Day Figures Who Have Reshaped and Affirmed the Founding Fathers' Vision of America
24.04,One,We Are All Completely Beside Ourselves
32.36,Three,Walk the Edge (Thunder Road #2)
21.07,Five,Voyager (Outlander #3)
50.66,Three,Very Good Lives: The Fringe Benefits of Failure and the Importance of Imagination
13.66,Two,Vegan Vegetarian Omnivore: Dinner for Everyone at the Table
58.09,One,"Unstuffed: Decluttering Your Home, Mind, and Soul"
30.0,One,Under the Banner of Heaven: A Story of Violent Faith
32.74,Two,Two Boys Kissing
41.93,Two,Twilight (Twilight #1)
42.8,Two,Twenties Girl
53.51,One,"Trespassing Across America: One Man's Epic, Never-Done-Before (and Sort of Illegal) Hike Across the Heartland"
23.21,Three,Three-Martini Lunch
21.14,One,"Thinking, Fast and Slow"
56.07,Three,The Wild Robot
14.41,Three,"The Wicked + The Divine, Vol. 3: Commercial Suicide (The Wicked + The Divine)"
45.75,Four,The Undomestic Goddess
15.77,One,The Travelers
10.02,Two,The Tipping Point: How Little Things Can Make a Big Difference
48.77,One,The Thing About Jellyfish
57.86,Two,The Stand
23.59,One,The Smitten Kitchen Cookbook
23.05,Five,The Silkworm (Cormoran Strike #2)
55.55,Five,"The Sandman, Vol. 3: Dream Country (The Sandman (volumes) #3)"
58.64,Four,The Rose & the Dagger (The Wrath and the Dawn #2)
23.21,One,The Road to Little Dribbling: Adventures of an American in Britain (Notes From a Small Island #2)
42.57,Three,The Rise of Theodore Roosevelt (Theodore Roosevelt #1)
10.92,One,The Restaurant at the End of the Universe (Hitchhiker's Guide to the Galaxy #2)
34.77,One,The Rest Is Noise: Listening to the Twentieth Century
35.66,Five,The Red Tent
37.19,Three,The Purpose Driven Life: What on Earth Am I Here for?
12.25,One,The Purest Hook (Second Circle Tattoos #3)
29.7,Two,The Picture of Dorian Gray
36.8,Three,The Paris Wife
45.43,One,The Obsession
26.26,Four,The Nightingale
44.92,Three,The New Guy (and Other Senior Year Distractions)
52.53,Five,The Nanny Diaries (Nanny #1)
37.25,Two,The Name of God is Mercy
20.93,One,The Maze Runner (The Maze Runner #1)
58.09,Two,The Lover's Dictionary
43.59,Five,The Lonely Ones
33.92,Three,The Lean Startup: How Today's Entrepreneurs Use Continuous Innovation to Create Radically Successful Businesses
55.55,Two,The Last Painting of Sara de Vos
29.64,Four,"The Land of 10,000 Madonnas"
27.41,One,The Infinities
52.51,Five,The Husband's Secret
47.8,Three,The Hitchhiker's Guide to the Galaxy (Hitchhiker's Guide to the Galaxy #1)
14.54,Two,The Guns of August
49.53,One,The Guernsey Literary and Potato Peel Pie Society
43.58,Three,The Goldfinch
12.3,One,The Giver (The Giver Quartet #1)
49.47,Three,The Girl with All the Gifts
22.14,Two,The Girl Who Played with Fire (Millennium Trilogy #2)
57.48,One,The Girl Who Kicked the Hornet's Nest (Millennium Trilogy #3)
43.45,Three,The Exiled
22.13,Four,"The End of Faith: Religion, Terror, and the Future of Reason"
13.03,Four,"The Elegant Universe: Superstrings, Hidden Dimensions, and the Quest for the Ultimate Theory"
57.35,Five,"The Disappearing Spoon: And Other True Tales of Madness, Love, and the History of the World from the Periodic Table of the Elements"
44.29,One,The Devil Wears Prada (The Devil Wears Prada #1)
52.25,Four,The Demon-Haunted World: Science as a Candle in the Dark
26.33,Five,The Day the Crayons Came Home (Crayons)
22.96,Two,The Da Vinci Code (Robert Langdon #2)
19.21,One,The Cuckoo's Calling (Cormoran Strike #1)
26.78,Four,The Complete Stories and Poems (The Works of Edgar Allan Poe [Cameo Edition])
41.32,Five,The Complete Poems
24.55,One,The Catcher in the Rye
16.26,Two,The Cat in the Hat (Beginner Books B-1)
47.84,One,The Case for Christ (Cases for Christianity)
53.49,Two,The Book Thief
44.84,Five,The Book of Basketball: The NBA According to The Sports Guy
53.71,Five,The Blind Side: Evolution of a Game
23.43,Two,The Autobiography of Malcolm X
34.32,Three,"The Art of Simple Food: Notes, Lessons, and Recipes from a Delicious Revolution"
22.1,One,The Art of Fielding
25.83,Two,"Surely You're Joking, Mr. Feynman!: Adventures of a Curious Character"
36.74,Three,Stiff: The Curious Lives of Human Cadavers
49.51,One,Spilled Milk: Based on a True Story
48.96,Five,Something Borrowed (Darcy & Rachel #1)
54.62,One,Something Blue (Darcy & Rachel #2)
24.72,Two,Soldier (Talon #3)
46.45,Two,Shopaholic & Baby (Shopaholic #5)
52.33,Two,Seven Days in the Art World
30.6,Four,Seven Brief Lessons on Physics
14.57,Four,Scarlet (The Lunar Chronicles #2)
46.29,One,Sarah's Key
21.57,Five,"Saga, Volume 3 (Saga (Collected Editions) #3)"
12.91,Four,Running with Scissors
50.11,Three,Rogue Lawyer (Rogue Lawyer #1)
41.67,Four,"Rise of the Rocket Girls: The Women Who Propelled Us, from Missiles to the Moon to Mars"
44.88,Two,Rework
11.1,Three,Reservations for Two
28.54,Three,Red: The True Story of Red Riding Hood
19.07,Four,Ready Player One
43.55,One,Quiet: The Power of Introverts in a World That Can't Stop Talking
43.63,Three,Prodigy: The Graphic Novel (Legend: The Graphic Novel #2)
39.13,One,Persepolis: The Story of a Childhood (Persepolis #1-2)
56.68,Two,Packing for Mars: The Curious Science of Life in the Void
14.16,One,Outliers: The Story of Success
31.45,Three,Original Fake
24.61,Two,Orange Is the New Black
32.87,Two,One for the Money (Stephanie Plum #1)
40.17,One,Notes from a Small Island (Notes From a Small Island #1)
13.51,One,Night (The Night Trilogy #1)
38.95,Three,Neither Here nor There: Travels in Europe
31.69,Three,Naked
29.4,One,Morning Star (Red Rising #3)
57.83,One,"Miracles from Heaven: A Little Girl, Her Journey to Heaven, and Her Amazing Story of Healing"
55.46,Two,Midnight Riot (Peter Grant/ Rivers of London - books #1)
57.6,Two,Me Talk Pretty One Day
34.98,Two,Manuscript Found in Accra
11.87,Two,Lust & Wonder
12.47,Three,Lila (Gilead #3)
33.26,Two,"Life, the Universe and Everything (Hitchhiker's Guide to the Galaxy #3)"
59.04,Five,Life Without a Recipe
26.13,Two,Life After Life
22.2,One,Letter to a Christian Nation
45.11,One,Let's Pretend This Never Happened: A Mostly True Memoir
43.69,Four,Legend (Legend #1)
25.02,One,"Lean In: Women, Work, and the Will to Lead"
55.5,Five,"Lamb: The Gospel According to Biff, Christ's Childhood Pal"
53.04,Five,Lady Renegades (Rebel Belle #3)
44.97,One,Jurassic Park (Jurassic Park #1)
42.38,One,It's Never Too Late to Begin Again: Discovering Creativity and Meaning at Midlife and Beyond
20.11,Three,Is Everyone Hanging Out Without Me? (And Other Concerns)
56.7,Five,Into the Wild
41.0,Five,Inferno (Robert Langdon #4)
28.85,Three,"In the Garden of Beasts: Love, Terror, and an American Family in Hitler's Berlin"
49.97,Four,If I Run (If I Run #1)
19.69,One,I've Got Your Number
28.88,Two,I Am Malala: The Girl Who Stood Up for Education and Was Shot by the Taliban
33.14,Three,Hungry Girl Clean & Hungry: Easy All-Natural Recipes for Healthy Eating in the Real World
43.7,Two,"House of Lost Worlds: Dinosaurs, Dynasties, and the Story of Life on Earth"
54.89,One,House of Leaves
37.52,Two,Horrible Bear!
51.07,Two,Holidays on Ice
44.07,Four,Heir to the Sky
10.79,Four,Green Eggs and Ham (Beginner Books B-16)
42.72,One,"Grayson, Vol 3: Nemesis (Grayson #3)"
26.66,Five,Gratitude
37.6,Five,Gone Girl
42.21,Four,Golden (Heart of Dread #3)
46.83,Two,Girl in the Blue Coat
45.17,Two,"Fruits Basket, Vol. 3 (Fruits Basket #3)"
51.22,Three,"Friday Night Lights: A Town, a Team, and a Dream"
21.28,Four,Fire Bound (Sea Haven/Sisters of the Heart #5)
15.36,Five,Fifty Shades Freed (Fifty Shades #3)
38.62,One,Fellside
25.4,Three,Extreme Prey (Lucas Davenport #26)
43.87,Three,Eragon (The Inheritance Cycle #1)
18.74,One,Eclipse (Twilight #3)
54.86,One,Dune (Dune #1)
52.62,Three,Dracula
51.48,One,Do Androids Dream of Electric Sheep? (Blade Runner #1)
15.28,Five,Disrupted: My Misadventure in the Start-Up Bubble
39.24,Five,Dead Wake: The Last Crossing of the Lusitania
17.81,One,"David and Goliath: Underdogs, Misfits, and the Art of Battling Giants"
56.02,One,Darkfever (Fever #1)
23.9,Five,Dark Places
49.13,Five,Crazy Rich Asians (Crazy Rich Asians #1)
10.62,One,Counting Thyme
36.17,Two,Cosmos
59.95,Two,Civilization and Its Discontents
26.09,One,Cinder (The Lunar Chronicles #1)
37.35,Two,Catastrophic Happiness: Finding Joy in Childhood's Messy Years
24.72,Two,Career of Evil (Cormoran Strike #3)
35.28,Five,Breaking Dawn (Twilight #4)
51.32,Five,Brave Enough
21.12,Three,Boy Meets Boy
27.35,Two,"Born to Run: A Hidden Tribe, Superathletes, and the Greatest Race the World Has Never Seen"
21.74,Five,Blink: The Power of Thinking Without Thinking
40.87,One,Black Flags: The Rise of ISIS
49.31,One,"Black Butler, Vol. 1 (Black Butler #1)"
22.11,One,Big Little Lies
20.79,Five,Between Shades of Gray
27.41,Two,Best of My Love (Fool's Gold #20)
38.35,Two,Beowulf
21.55,Five,Beautiful Creatures (Caster Chronicles #1)
38.02,Two,Awkward
22.06,Four,Ash
10.66,Three,Are We There Yet?
56.58,One,Are We Smart Enough to Know How Smart Animals Are?
36.83,Five,Annie on My Mind
35.01,Two,And Then There Were None
30.48,Four,A Walk in the Woods: Rediscovering America on the Appalachian Trail
14.08,Five,A Visit from the Goon Squad
31.22,Two,A Storm of Swords (A Song of Ice and Fire #3)
54.29,Five,A Heartbreaking Work of Staggering Genius
31.04,One,8 Keys to Mental Health Through Exercise
50.96,One,#GIRLBOSS
11.89,Two,"The Suffragettes (Little Black Classics, #96)"
31.38,Three,The Sense of an Ending
54.81,One,"The Sandman, Vol. 2: The Doll's House (The Sandman (volumes) #2)"
16.78,Three,The Course of Love
24.42,One,Sugar Rush (Offensive Line #2)
11.75,Three,"Saga, Volume 2 (Saga (Collected Editions) #2)"
20.02,One,"Run, Spot, Run: The Ethics of Keeping Pets"
12.86,Four,New Moon (Twilight #2)
31.58,Five,Life
34.0,Three,Kindle Paperwhite User's Guide
57.42,Five,H is for Hawk
53.47,One,Girl Online On Tour (Girl Online #2)
11.64,Five,"Fruits Basket, Vol. 2 (Fruits Basket #2)"
52.88,Four,Diary of a Minecraft Zombie Book 1: A Scare of a Dare (An Unofficial Minecraft Book)
18.51,Four,"Y: The Last Man, Vol. 1: Unmanned (Y: The Last Man #1)"
41.32,Five,While You Were Mine
39.77,Three,Where Lightning Strikes (Bleeding Stars #3)
51.96,Three,When I'm Gone
39.51,Five,Ways of Seeing
15.4,One,"Vampire Knight, Vol. 1 (Vampire Knight #1)"
53.82,Two,Vampire Girl (Vampire Girl #1)
30.95,Four,Twenty Love Poems and a Song of Despair
57.82,Five,Travels with Charley: In Search of America
44.18,Two,Three Wishes (River of Time: California #1)
48.71,One,This One Moment (Pushing Limits #1)
19.69,Five,The Zombie Room
36.52,Two,"The Wicked + The Divine, Vol. 1: The Faust Act (The Wicked + The Divine)"
41.56,Five,The Tumor
43.19,Four,The Story of Hong Gildong
12.34,Five,The Silent Wife
36.25,Three,The Silent Twin (Detective Jennifer Knight #3)
29.45,One,The Selfish Gene
34.56,Three,The Secret Healer
54.12,Three,"The Sandman, Vol. 1: Preludes and Nocturnes (The Sandman (volumes) #1)"
33.78,Three,The Republic
29.64,Three,The Odyssey
57.7,Four,The No. 1 Ladies' Detective Agency (No. 1 Ladies' Detective Agency #1)
36.34,One,The Nicomachean Ethics
50.59,Three,The Name of the Wind (The Kingkiller Chronicle #1)
29.38,One,The Mirror & the Maze (The Wrath and the Dawn #1.5)
45.42,Two,The Little Prince
54.43,One,The Light of the Fireflies
36.26,Two,The Last Girl (The Dominion Trilogy #1)
16.16,One,The Iliad
36.29,Five,The Hook Up (Game On #1)
27.89,Five,The Haters
12.29,Five,The Girl You Lost
15.85,Three,The Girl In The Ice (DCI Erika Foster #1)
14.4,One,The End of the Jesus Era (An Investigation #1)
19.18,Four,The Edge of Reason (Bridget Jones #2)
10.64,Three,The Complete Maus (Maus #1-2)
14.76,Three,The Communist Manifesto
57.49,Three,The Bhagavad Gita
30.66,Three,The Bette Davis Club
40.83,Four,The Art of Not Breathing
18.88,Two,Taking Shots (Assassins #1)
25.83,Three,Starlark
42.12,Three,"Skip Beat!, Vol. 01 (Skip Beat! #1)"
13.33,Three,Sister Sable (The Mad Queen #1)
42.4,One,Shatter Me (Shatter Me #1)
58.35,Three,Shameless
21.72,Four,Shadow Rites (Jane Yellowrock #10)
44.91,Two,Settling the Score (The Summer Games #1)
37.46,One,Sense and Sensibility
28.48,One,"Saga, Volume 1 (Saga (Collected Editions) #1)"
28.34,Two,"Rhythm, Chord & Malykhin"
46.96,Five,"Rat Queens, Vol. 1: Sass & Sorcery (Rat Queens (Collected Editions) #1-5)"
24.96,One,Paradise Lost (Paradise #1)
21.71,Four,"Paper Girls, Vol. 1 (Paper Girls #1-5)"
29.87,Three,"Ouran High School Host Club, Vol. 1 (Ouran High School Host Club #1)"
28.99,One,Origins (Alphas 0.5)
52.94,Two,One Second (Seven #7)
32.36,Three,On the Road (Duluoz Legend)
55.66,Two,Old Records Never Die: One Man's Quest for His Vinyl and His Past
39.45,Five,Off Sides (Off #1)
47.11,Two,Of Mice and Men
58.75,Four,Myriad (Prentor #1)
38.92,Two,My Perfect Mistake (Over the Top #1)
39.39,Four,"Ms. Marvel, Vol. 1: No Normal (Ms. Marvel (2014-2015) #1)"
25.89,Two,Meditations
28.34,One,Matilda
27.7,Four,Lost Among the Living
24.89,Three,Lord of the Flies
58.99,Three,Listen to Me (Fusion #1)
57.2,Five,Kitchens of the Great Midwest
38.43,Five,Jane Eyre
34.74,Four,Imperfect Harmony
40.44,Four,Icing (Aces Hockey #2)
45.24,Three,"Hawkeye, Vol. 1: My Life as a Weapon (Hawkeye #1)"
34.96,Four,Having the Barbarian's Baby (Ice Planet Barbarians #7.5)
56.76,Four,"Giant Days, Vol. 1 (Giant Days #1-4)"
40.28,Five,"Fruits Basket, Vol. 1 (Fruits Basket #1)"
38.0,Two,Frankenstein
28.8,Three,Forever Rockers (The Rocker #12)
39.24,Three,Fighting Fate (Fighting #6)
32.93,Two,Emma
51.32,Three,"Eat, Pray, Love"
47.09,Five,Deep Under (Walker Security #1)
28.42,Four,Choosing Our Religion: The Spiritual Lives of America's Nones
22.85,Three,Charlie and the Chocolate Factory (Charlie Bucket #1)
41.24,One,Charity's Cross (Charles Towne Belles #4)
39.07,Five,Bright Lines
29.82,One,Bridget Jones's Diary (Bridget Jones #1)
37.26,Four,Bounty (Colorado Mountain #7)
20.3,Three,Blood Defense (Samantha Brinkman #1)
34.65,Five,"Bleach, Vol. 1: Strawberry and the Soul Reapers (Bleach #1)"
43.38,One,Beyond Good and Evil
55.53,One,Alice in Wonderland (Alice's Adventures in Wonderland #1)
57.06,Four,"Ajin: Demi-Human, Volume 1 (Ajin: Demi-Human #1)"
16.97,Five,A Spy's Devotion (The Regency Spies of London #1)
53.98,One,1st to Die (Women's Murder Club #1)
26.08,Five,"1,000 Places to See Before You Die"
price,rating,title
51.77,Three,A Light in the Attic
53.74,One,Tipping the Velvet
50.1,One,Soumission
47.82,Four,Sharp Objects
54.23,Five,Sapiens: A Brief History of Humankind
22.65,One,The Requiem Red
33.34,Four,The Dirty Little Secrets of Getting Your Dream Job
17.93,Three,"The Coming Woman: A Novel Based on the Life of the Infamous Feminist, Victoria Woodhull"
22.6,Four,The Boys in the Boat: Nine Americans and Their Epic Quest for Gold at the 1936 Berlin Olympics
52.15,One,The Black Maria
13.99,Two,"Starving Hearts (Triangular Trade Trilogy, #1)"
20.66,Four,Shakespeare's Sonnets
17.46,Five,Set Me Free
52.29,Five,Scott Pilgrim's Precious Little Life (Scott Pilgrim #1)
35.02,Five,Rip it Up and Start Again
57.25,Three,"Our Band Could Be Your Life: Scenes from the American Indie Underground, 1981-1991"
23.88,One,Olio
37.59,One,Mesaerion: The Best Science Fiction Stories 1800-1849
51.33,Two,Libertarianism for Beginners
45.17,Two,It's Only the Himalayas
12.84,One,In Her Wake
37.32,Two,How Music Works
30.52,Three,"Foolproof Preserving: A Guide to Small Batch Jams, Jellies, Pickles, Condiments, and More: A Foolproof Guide to Making Small Batch Jams, Jellies, Pickles, Condiments, and More"
25.27,Five,Chase Me (Paris Nights #2)
34.53,Five,Black Dust
54.64,Three,Birdsong: A Story in Pictures
22.5,Three,America's Cradle of Quarterbacks: Western Pennsylvania's Football Factory from Johnny Unitas to Joe Montana
53.13,Three,Aladdin and His Wonderful Lamp
40.3,Five,Worlds Elsewhere: Journeys Around Shakespeare’s Globe
44.18,Four,Wall and Piece
17.66,Five,The Four Agreements: A Practical Guide to Personal Freedom
31.05,Three,The Five Love Languages: How to Express Heartfelt Commitment to Your Mate
23.82,Five,The Elephant Tree
36.89,One,The Bear and the Piano
15.94,Five,Sophie's World
33.29,Three,Penny Maybe
18.02,Two,Maude (1883-1993):She Grew Up with the country
19.63,One,"In a Dark, Dark Wood"
52.22,Four,Behind Closed Doors
33.63,Two,You can't bury them all: Poems
57.31,Three,Slow States of Collapse: Poems
26.41,Two,Reasons to Stay Alive
47.61,Five,Private Paris (Private #10)
23.11,Five,#HigherSelfie: Wake Up Your Life. Free Your Soul. Find Your Tribe.
45.07,Two,Without Borders (Wanderlove #1)
31.77,One,When We Collided
50.27,Five,"We Love You, Charlie Freeman"
14.27,Four,Untitled Collection: Sabbath Poems 2014
44.18,Four,"Unseen City: The Majesty of Pigeons, the Discreet Charm of Snails & Other Wonders of the Urban Wilderness"
18.78,Three,Unicorn Tracks
25.52,One,"Unbound: How Eight Technologies Made Us Human, Transformed Society, and Brought Our World to the Brink"
16.28,One,Tsubasa: WoRLD CHRoNiCLE 2 (Tsubasa WoRLD CHRoNiCLE #2)
31.12,Three,Throwing Rocks at the Google Bus: How Growth Became the Enemy of Prosperity
19.49,Four,This One Summer
17.27,Five,Thirst
19.09,One,The Torch Is Passed: A Harding Family Story
56.13,One,The Secret of Dreadwillow Carse
56.41,One,"The Pioneer Woman Cooks: Dinnertime: Comfort Classics, Freezer Food, 16-Minute Meals, and Other Delicious Ways to Solve Supper!"
56.5,Four,The Past Never Ends
45.22,Three,The Natural History of Us (The Fine Art of Pretending #2)
38.16,Four,The Nameless City (The Nameless City #1)
54.11,Three,The Murder That Never Was (Forensic Instincts #5)
42.96,Four,The Most Perfect Thing: Inside (and Outside) a Bird's Egg
23.89,Four,"The Mindfulness and Acceptance Workbook for Anxiety: A Guide to Breaking Free from Anxiety, Phobias, and Worry Using Acceptance and Commitment Therapy"
16.77,Three,The Life-Changing Magic of Tidying Up: The Japanese Art of Decluttering and Organizing
20.59,Five,"The Inefficiency Assassin: Time Management Tactics for Working Smarter, Not Longer"
37.13,One,The Gutsy Girl: Escapades for Your Life of Epic Adventure
56.06,One,The Electric Pencil: Drawings from Inside State Hospital No. 3
58.11,Four,The Death of Humanity: and the Case for Life
49.05,Three,"The Bulletproof Diet: Lose up to a Pound a Day, Reclaim Energy and Focus, Upgrade Your Life"
40.76,Three,The Art Forger
19.73,One,The Age of Genius: The Seventeenth Century and the Birth of the Modern Mind
32.24,Five,The Activist's Tao Te Ching: Ancient Advice for a Modern Revolution
41.83,Four,Spark Joy: An Illustrated Master Class on the Art of Organizing and Tidying Up
39.58,Two,Soul Reader
39.25,Two,Security
25.02,Three,"Saga, Volume 6 (Saga (Collected Editions) #6)"
51.04,Two,"Saga, Volume 5 (Saga (Collected Editions) #5)"
19.83,Two,Reskilling America: Learning to Labor in the Twenty-First Century
50.4,Three,"Rat Queens, Vol. 3: Demons (Rat Queens (Collected Editions) #11-15)"
13.61,Five,"Princess Jellyfish 2-in-1 Omnibus, Vol. 01 (Princess Jellyfish 2-in-1 Omnibus #1)"
13.34,Five,Princess Between Worlds (Wide-Awake Princess #5)
18.97,One,"Pop Gun War, Volume 1: Gift"
36.28,Two,"Political Suicide: Missteps, Peccadilloes, Bad Calls, Backroom Hijinx, Sordid Pasts, Rotten Breaks, and Just Plain Dumb Mistakes in the Annals of American Politics"
10.16,Three,Patience
15.44,Four,"Outcast, Vol. 1: A Darkness Surrounds Him (Outcast #1)"
48.41,One,orange: The Complete Collection 1 (orange: The Complete Collection #1)
46.35,One,Online Marketing for Busy Authors: A Step-By-Step Guide
14.07,Three,On a Midnight Clear
14.86,Two,Obsidian (Lux #1)
33.37,Two,My Paris Kitchen: Recipes and Stories
56.4,Two,Masks and Shadows
14.02,Four,"Mama Tried: Traditional Italian Cooking for the Screwed, Crude, Vegan, and Tattooed"
46.91,Two,"Lumberjanes, Vol. 2: Friendship to the Max (Lumberjanes #5-8)"
45.61,Three,"Lumberjanes, Vol. 1: Beware the Kitten Holy (Lumberjanes #1-4)"
19.92,Two,Lumberjanes Vol. 3: A Terrible Plan (Lumberjanes #9-12)
40.11,One,"Layered: Baking, Building, and Styling Spectacular Cakes"
53.9,Two,Judo: Seven Steps to Black Belt (an Introductory Guide for Beginners)
35.67,Five,Join
22.0,Four,In the Country We Love: My Family Divided
57.36,Five,Immunity: How Elie Metchnikoff Changed the Course of Modern Medicine
29.17,Two,"I Hate Fairyland, Vol. 1: Madly Ever After (I Hate Fairyland (Compilations) #1-5)"
54.63,Three,I am a Hero Omnibus Volume 1
46.03,One,How to Be Miserable: 40 Strategies You Already Use
33.97,One,Her Backup Boyfriend (The Sorensen Family #1)
22.11,Two,"Giant Days, Vol. 2 (Giant Days #5-8)"
29.69,Three,Forever and Forever: The Courtship of Henry Longfellow and Fanny Appleton
15.97,Four,First and First (Five Boroughs #3)
21.96,One,Fifty Shades Darker (Fifty Shades #2)
54.35,Two,Everydata: The Misinformation Hidden in the Little Data You Consume Every Day
37.97,Two,"Don't Be a Jerk: And Other Practical Advice from Dogen, Japan's Greatest Zen Master"
51.99,Four,Danganronpa Volume 1
43.29,Three,Crown of Midnight (Throne of Glass #2)
36.72,Four,"Codename Baboushka, Volume 1: The Conclave of Death"
17.08,Four,Camp Midnight
29.14,Five,Call the Nurse: True Stories of a Country Nurse on a Scottish Isle
28.81,Three,Burning
49.46,Two,Bossypants
37.92,Two,"Bitch Planet, Vol. 1: Extraordinary Machine (Bitch Planet (Collected Editions))"
28.09,Two,"Avatar: The Last Airbender: Smoke and Shadow, Part 3 (Smoke and Shadow #3)"
30.81,One,Algorithms to Live By: The Computer Science of Human Decisions
42.95,One,A World of Flavor: Your Gluten Free Passport
56.76,Five,"A Piece of Sky, a Grain of Rice: A Memoir in Four Meditations"
16.64,One,A Murder in Time
55.53,Five,A Flight of Arrows (The Pathfinders #2)
28.13,Four,A Fierce and Subtle Poison
52.37,One,A Court of Thorns and Roses (A Court of Thorns and Roses #1)
54.0,Five,(Un)Qualified: How God Uses Broken People to Do Big Things
21.87,Four,You Are What You Love: The Spiritual Power of Habit
43.3,Four,"William Shakespeare's Star Wars: Verily, A New Hope (William Shakespeare's Star Wars #4)"
21.04,Two,Tuesday Nights in 1980
41.6,Three,Tracing Numbers on a Train
35.07,Three,Throne of Glass (Throne of Glass #1)
59.64,One,Thomas Jefferson and the Tripoli Pirates: The Forgotten War That Changed American History
52.72,One,Thirteen Reasons Why
58.08,Four,The White Cat and the Monk: A Retelling of the Poem “Pangur Bán”
24.12,One,The Wedding Dress
42.15,Four,The Vacationers
12.61,Five,The Third Wave: An Entrepreneur’s Vision of the Future
17.44,Four,The Stranger
33.14,One,The Shadow Hero (The Shadow Hero)
27.37,Four,The Secret (The Secret #1)
51.36,Five,The Regional Office Is Under Attack!
36.0,Two,The Psychopath Test: A Journey Through the Madness Industry
10.65,One,The Project
43.54,Two,The Power of Now: A Guide to Spiritual Enlightenment
38.21,Two,The Omnivore's Dilemma: A Natural History of Four Meals
37.34,Five,The Nerdy Nummies Cookbook: Sweet Treats for the Geek in All of Us
44.1,Four,The Murder of Roger Ackroyd (Hercule Poirot #4)
43.29,Three,The Mistake (Off-Campus #2)
55.85,One,The Matchmaker's Playbook (Wingmen Inc. #1)
37.6,Two,The Love and Lemons Cookbook: An Apple-to-Zucchini Celebration of Impromptu Cooking
10.97,One,The Long Shadow of Small Ghosts: Murder and Memory in an American City
41.82,Four,The Kite Runner
36.95,One,The House by the Lake
44.28,One,The Glittering Court (The Glittering Court #1)
55.02,Two,The Girl on the Train
17.24,One,The Genius of Birds
23.15,Two,The Emerald Mystery
41.25,One,The Cookies & Cups Cookbook: 125+ sweet & savory recipes reminding you to Always Eat Dessert First
32.0,Three,The Bridge to Consciousness: I'm Writing the Bridge Between Science and Our Old and New Beliefs.
38.49,Five,The Artist's Way: A Spiritual Path to Higher Creativity
33.34,Five,The Art of War
10.93,Two,The Argonauts
27.55,Three,The 10% Entrepreneur: Live Your Startup Dream Without Quitting Your Day Job
55.99,Two,Suddenly in Love (Lake Haven #1)
16.24,Four,Something More Than This
26.12,Two,Soft Apocalypse
12.23,Two,So You've Been Publicly Shamed
23.99,Two,Shoe Dog: A Memoir by the Creator of NIKE
29.06,Three,"Shobu Samurai, Project Aryoku (#3)"
20.27,One,Secrets and Lace (Fatal Hearts #1)
43.55,Five,Scarlett Epstein Hates It Here
36.94,One,Romero and Juliet: A Tragic Tale of Love and Zombies
20.47,Five,Redeeming Love
41.06,One,Poses for Artists Volume 1 - Dynamic and Sitting Poses: An Essential Reference for Figure Drawing and the Human Form
14.19,Four,Poems That Make Grown Women Cry
38.28,One,"Nightingale, Sing"
41.05,One,Night Sky with Exit Wounds
30.25,Five,Mrs. Houdini
28.26,Five,Modern Romance
10.76,One,Miss Peregrine’s Home for Peculiar Children (Miss Peregrine’s Peculiar Children #1)
16.85,Two,Louisa: The Extraordinary Life of Mrs. Adams
13.47,Three,Little Red
48.56,Five,Library of Souls (Miss Peregrine’s Peculiar Children #3)
19.15,Two,Large Print Heart of the Pride
57.36,Four,I Had a Nice Time And Other Lies...: How to find love & sh*t like that
42.98,One,Hollow City (Miss Peregrine’s Peculiar Children #2)
22.16,Two,Grumbles
49.43,Four,Full Moon over Noah’s Ark: An Odyssey to Mount Ararat and Beyond
29.99,Five,Frostbite (Vampire Academy #2)
21.36,One,Follow You Home
29.0,One,First Steps for New Christians (Print Edition)
53.53,Five,Finders Keepers (Bill Hodges Trilogy #2)
41.62,Four,"Fables, Vol. 1: Legends in Exile (Fables #1)"
54.59,Four,Eureka Trivia 6.0
34.95,Four,Drive: The Surprising Truth About What Motivates Us
37.72,Five,Done Rubbed Out (Reightman & Bailey #1)
35.61,Three,Doing It Over (Most Likely To #1)
42.16,Three,"Deliciously Ella Every Day: Quick and Easy Recipes for Gluten-Free Snacks, Packed Lunches, and Simple Meals"
19.19,Five,Dark Notes
19.43,Three,"Daring Greatly: How the Courage to Be Vulnerable Transforms the Way We Live, Love, Parent, and Lead"
49.46,Four,Close to You
37.8,Two,Chasing Heaven: What Dying Taught Me About Living
30.8,Three,Big Magic: Creative Living Beyond Fear
27.43,Two,Becoming Wise: An Inquiry into the Mystery and Art of Living
11.11,Two,Beauty Restored (Riley Family Legacy Novellas #3)
36.5,Two,Batman: The Long Halloween (Batman)
15.38,Five,Batman: The Dark Knight Returns (Batman)
15.48,Two,Ayumi's Violin
46.82,Four,Anonymous
18.46,Three,Amy Meets the Saints and Sages
36.58,One,Amid the Chaos
50.54,Five,Amatus
12.51,Five,Agnostic: A Spirited Manifesto
24.7,Three,Zealot: The Life and Times of Jesus of Nazareth
43.61,Five,You (You #1)
37.34,Four,"Wonder Woman: Earth One, Volume One (Wonder Woman: Earth One #1)"
14.36,Two,Wild Swans
52.65,Four,Why the Right Went Wrong: Conservatism--From Goldwater to the Tea Party and Beyond
38.2,Four,Whole Lotta Creativity Going On: 60 Fun and Unusual Exercises to Awaken and Strengthen Your Creativity
19.6,Two,What's It Like in Space?: Stories from Astronauts Who've Been There
53.9,One,"We Are Robin, Vol. 1: The Vigilante Business (We Are Robin #1)"
12.96,Five,Walt Disney's Alice in Wonderland
37.1,Four,V for Vendetta (V for Vendetta Complete)
46.31,Two,Until Friday Night (The Field Party #1)
45.95,Two,"Unbroken: A World War II Story of Survival, Resilience, and Redemption"
22.08,Two,Twenty Yawns
25.38,Two,Through the Woods
27.12,Two,This Is Where It Ends
43.04,Two,The Year of Magical Thinking
56.8,Four,The Wright Brothers
25.91,Five,The White Queen (The Cousins' War #1)
32.61,Three,The Wedding Pact (The O'Malleys #2)
27.88,Five,The Time Keeper
52.67,Four,The Testament of Mary
46.02,Five,The Star-Touched Queen
44.48,Five,The Songs of the Gods
37.4,Five,The Song of Achilles
54.04,One,The Rosie Project (Don Tillman #1)
16.88,Three,The Power of Habit: Why We Do What We Do in Life and Business
28.08,Four,The Marriage of Opposites
10.4,One,The Lucifer Effect: Understanding How Good People Turn Evil
44.07,One,The Long Haul (Diary of a Wimpy Kid #9)
23.4,One,The Loney
17.43,Three,The Literature Book (Big Ideas Simply Explained)
54.21,Two,The Last Mile (Amos Decker #2)
40.67,Two,The Immortal Life of Henrietta Lacks
52.26,Two,The Hidden Oracle (The Trials of Apollo #1)
28.77,Three,The Help Yourself Cookbook for Kids: 60 Easy Plant-Based Recipes Kids Can Make to Stay Healthy and Save the Earth
13.82,Two,The Guilty (Will Robie #4)
25.85,Three,The First Hostage (J.B. Collins #2)
48.78,One,The Dovekeepers
35.35,Five,The Darkest Lie
44.73,Four,The Bane Chronicles (The Bane Chronicles #1-11)
15.77,One,The Bad-Ass Librarians of Timbuktu: And Their Race to Save the World’s Most Precious Manuscripts
39.24,One,The 14th Colony (Cotton Malone #11)
13.92,One,That Darkness (Gardiner and Renner #1)
10.69,One,Tastes Like Fear (DI Marnie Rome #3)
45.21,Three,Take Me with You
45.58,One,Swell: A Year of Waves
11.89,Five,Superman Vol. 1: Before Truth (Superman by Gene Luen Yang #1)
26.41,Three,Still Life with Bread Crumbs
39.5,Five,Steve Jobs
44.74,Four,Sorting the Beef from the Bull: The Science of Food Fraud Forensics
52.79,Five,Someone Like You (The Harrisons #2)
35.43,Four,"So Cute It Hurts!!, Vol. 6 (So Cute It Hurts!! #6)"
55.84,Four,Shtum
48.87,Three,See America: A Celebration of Our National Parks & Treasured Sites
46.78,Four,salt.
47.82,Three,Robin War
25.48,Two,"Red Hood/Arsenal, Vol. 1: Open for Business (Red Hood/Arsenal #1)"
23.57,Three,Rain Fish
50.89,Five,"Quarter Life Poetry: Poems for the Young, Broke and Hangry"
10.56,Three,Pet Sematary
52.15,Three,"Overload: How to Unplug, Unwind, and Unleash Yourself from the Pressure of Stress"
18.28,Two,Once Was a Time
11.83,Five,Old School (Diary of a Wimpy Kid #10)
21.95,Two,No Dream Is Too High: Life Lessons From a Man Who Walked on the Moon
38.39,Two,"Naruto (3-in-1 Edition), Vol. 14: Includes Vols. 40, 41 & 42 (Naruto: Omnibus #14)"
41.56,One,My Name Is Lucy Barton
24.48,Three,My Mrs. Brown
40.36,One,My Kind of Crazy
28.9,One,Mr. Mercedes (Bill Hodges Trilogy #1)
37.61,Two,More Than Music (Chasing the Dream #1)
38.85,Five,Made to Stick: Why Some Ideas Survive and Others Die
53.95,Three,Luis Paints the World
49.83,Three,Luckiest Girl Alive
51.51,Two,Lowriders to the Center of the Earth (Lowriders in Space #2)
18.03,One,Love Is a Mix Tape (Music #1)
29.14,Five,Looking for Lovely: Collecting the Moments that Matter
46.91,Four,"Living Leadership by Insight: A Good Leader Achieves, a Great Leader Builds Monuments"
26.79,Five,Let It Out: A Journey Through Journaling
16.28,Five,Lady Midnight (The Dark Artifices #1)
19.55,One,"It's All Easy: Healthy, Delicious Weeknight Meals in under 30 Minutes"
29.65,One,Island of Dragons (Unwanteds #7)
25.98,Four,I Know What I'm Doing -- and Other Lies I Tell Myself: Dispatches from a Life Under Construction
10.6,Four,I Am Pilgrim (Pilgrim #1)
14.75,Five,"Hyperbole and a Half: Unfortunate Situations, Flawed Coping Mechanisms, Mayhem, and Other Things That Happened"
47.02,Three,"Hush, Hush (Hush, Hush #1)"
28.82,One,Hold Your Breath (Search and Rescue #1)
58.79,Three,Hamilton: The Revolution
10.23,Five,Greek Mythic History
30.03,Five,God: The Most Unpleasant Character in All Fiction
45.84,Three,Glory over Everything: Beyond The Kitchen House
49.05,Three,Feathers: Displays of Brilliant Plumage
15.06,Four,"Far & Away: Places on the Brink of Change: Seven Continents, Twenty-Five Years"
46.47,Three,Every Last Word
27.09,Three,Eligible (The Austen Project #4)
57.62,Five,El Deafo
14.39,Four,Eight Hundred Grapes
51.75,Five,"Eaternity: More than 150 Deliciously Easy Vegan Recipes for a Long, Healthy, Satisfied, Joyful Life"
54.07,Two,"Eat Fat, Get Thin"
55.35,One,Don't Get Caught
40.12,Two,Doctor Sleep (The Shining #2)
37.51,Five,Demigods & Magicians: Percy and Annabeth Meet the Kanes (Percy Jackson & Kane Chronicles Crossover #1-3)
11.21,Five,Dear Mr. Knightley
36.58,One,Daily Fantasy Sports
47.72,Two,Crazy Love: Overwhelmed by a Relentless God
25.01,Three,Cometh the Hour (The Clifton Chronicles #6)
22.13,Four,Code Name Verity (Code Name Verity #1)
44.14,One,Clockwork Angel (The Infernal Devices #1)
56.02,Four,City of Glass (The Mortal Instruments #3)
11.23,Four,City of Fallen Angels (The Mortal Instruments #4)
43.28,One,City of Bones (The Mortal Instruments #1)
47.27,One,City of Ashes (The Mortal Instruments #2)
20.29,Four,Cell
50.83,Three,Catching Jordan (Hundred Oaks)
31.85,Three,"Carry On, Warrior: Thoughts on Life Unarmed"
46.23,Two,Carrie
37.8,Four,Buying In: The Secret Dialogue Between What We Buy and Who We Are
49.32,Five,Brain on Fire: My Month of Madness
32.01,Two,Batman: Europa
28.01,One,Barefoot Contessa Back to Basics
50.62,Five,Barefoot Contessa at Home: Everyday Recipes You'll Make Over and Over Again
17.03,Three,Balloon Animals
48.8,Three,Art Ops Vol. 1
58.14,Four,Aristotle and Dante Discover the Secrets of the Universe (Aristotle and Dante Discover the Secrets of the Universe #1)
34.2,Two,Angels Walking (Angels Walking #1)
51.48,Three,Angels & Demons (Robert Langdon #1)
29.87,Five,All the Light We Cannot See
10.9,Two,"Adulthood Is a Myth: A ""Sarah's Scribbles"" Collection"
56.37,Five,Abstract City
48.35,Five,A Time of Torment (Charlie Parker #14)
16.73,Two,A Study in Scarlet (Sherlock Holmes #1)
56.48,Two,"A Series of Catastrophes and Miracles: A True Story of Love, Science, and Cancer"
40.79,Two,A People's History of the United States
39.72,One,A Man Called Ove
14.58,Three,A Distant Mirror: The Calamitous 14th Century
55.51,One,A Brush of Wings (Angels Walking #3)
21.8,Three,1491: New Revelations of the Americas Before Columbus
13.33,Three,"The Three Searches, Meaning, and the Story"
38.73,One,Searching for Meaning in Gailana
37.86,Four,Rook
11.53,Two,My Kitchen Year: 136 Recipes That Saved My Life
27.06,One,13 Hours: The Inside Account of What Really Happened In Benghazi
13.86,Three,Will You Won't You Want Me?
37.55,One,Tipping Point for Planet Earth: How Close Are We to the Edge?
46.29,Five,The Silent Sister (Riley MacPherson #1)
26.2,One,The Midnight Watch: A Novel of the Titanic and the Californian
33.26,Two,The Lonely City: Adventures in the Art of Being Alone
59.15,Four,The Gray Rhino: How to Recognize and Act on the Obvious Dangers We Ignore
39.43,One,The Golden Condom: And Other Essays on Love Lost and Found
14.44,Five,The Epidemic (The Program 0.6)
56.54,Two,The Dinner Party
59.9,Three,The Diary of a Young Girl
11.88,Three,The Children
48.05,Two,Stars Above (The Lunar Chronicles #4.5)
21.21,Three,Snatched: How A Drug Queen Went Undercover for the DEA and Was Kidnapped By Colombian Guerillas
49.67,Four,Raspberry Pi Electronics Projects for the Evil Genius
43.14,One,Quench Your Own Thirst: Business Lessons Learned Over a Beer or Two
36.97,Five,Psycho: Sanitarium (Psycho #1.5)
26.8,Three,Poisonous (Max Revere Novels #3)
15.71,Four,One with You (Crossfire #5)
54.65,Four,No Love Allowed (Dodge Cove #1)
54.36,Four,Murder at the 42nd Street Library (Raymond Ambler #1)
35.28,Three,Most Wanted
20.55,Two,"Love, Lies and Spies"
58.32,Five,How to Speak Golf: An Illustrated Guide to Links Lingo
11.84,One,Hide Away (Eve Duncan #20)
41.46,Four,Furiously Happy: A Funny Book About Horrible Things
20.1,Five,Everyday Italian: 125 Simple and Delicious Recipes
56.86,One,Equal Is Unfair: America's Misguided Fight Against Income Inequality
56.51,Five,Eleanor & Park
40.83,Four,Dirty (Dive Bar #1)
48.64,One,Can You Keep a Secret? (Fear Street Relaunch #4)
59.48,Three,Boar Island (Anna Pigeon #19)
39.01,Four,A Paris Apartment
38.77,One,"A la Mode: 120 Recipes in 60 Pairings: Pies, Tarts, Cakes, Crisps, and More Topped with Ice Cream, Gelato, Frozen Custard, and More"
48.39,Two,Troublemaker: Surviving Hollywood and Scientology
27.26,Two,The Widow
11.68,Four,"The Sleep Revolution: Transforming Your Life, One Night at a Time"
59.45,One,The Improbability of Love
21.0,Three,The Art of Startup Fundraising
53.98,Three,Take Me Home Tonight (Rock Star Romance #3)
48.74,One,Sleeping Giants (Themis Files #1)
21.15,Two,"Setting the World on Fire: The Brief, Astonishing Life of St. Catherine of Siena"
13.71,Three,Playing with Fire
47.67,Three,Off the Hook (Fishing for Trouble #1)
13.34,Two,Mothering Sunday
16.89,Five,"Mother, Can You Not?"
27.18,One,M Train
17.28,Two,Lilac Girls
45.14,One,Lies and Other Acts of Love
40.85,One,Lab Girl
20.46,Four,Keep Me Posted
56.27,Three,It Didn't Start with You: How Inherited Family Trauma Shapes Who We Are and How to End the Cycle
48.49,Four,Grey (Fifty Shades #4)
51.34,Four,"Exit, Pursued by a Bear"
16.34,Three,Daredevils
20.5,Three,Cravings: Recipes for What You Want to Eat
21.59,Five,Born for This: How to Find the Work You Were Meant to Do
21.36,Four,Arena
20.88,Five,Adultery
19.53,Three,A Mother's Reckoning: Living in the Aftermath of Tragedy
14.75,Five,A Gentleman's Position (Society of Gentlemen #3)
48.48,Three,11/22/63
24.57,Two,"10% Happier: How I Tamed the Voice in My Head, Reduced Stress Without Losing My Edge, and Found Self-Help That Actually Works"
49.71,Five,10-Day Green Smoothie Cleanse: Lose Up to 15 Pounds in 10 Days!
48.27,Five,Without Shame
58.05,Four,Watchmen
58.87,Four,Unlimited Intuition Now
11.82,Two,Underlying Notes
28.03,One,The Shack
44.05,Five,The New Brand You: Your New Image Makes the Sale for You
12.34,Four,"The Moosewood Cookbook: Recipes from Moosewood Restaurant, Ithaca, New York"
16.68,Two,The Flowers Lied
55.91,One,"The Fabric of the Cosmos: Space, Time, and the Texture of Reality"
24.57,Three,The Book of Mormon
52.98,Five,The Art and Science of Low Carbohydrate Living
54.4,One,The Alien Club
54.81,Five,Suzie Snowflake: One beautiful flake (a self-esteem story)
25.08,One,Nap-a-Roo
10.41,Four,"NaNo What Now? Finding your editing process, revising your NaNoWriMo book and building a writing career through publishing and beyond"
47.44,Two,Modern Day Fables
20.91,One,If I Gave You God's Phone Number....: Searching for Spirituality in America
33.95,Four,"Fruits Basket, Vol. 9 (Fruits Basket #9)"
43.68,Three,Dress Your Family in Corduroy and Denim
33.23,One,Don't Forget Steven
35.92,Two,Chernobyl 01:23:40: The Incredible True Story of the World's Worst Nuclear Disaster
48.63,Four,Art and Fear: Observations on the Perils (and Rewards) of Artmaking
56.63,Three,A Shard of Ice (The Black Symphony Saga #1)
50.49,Three,A Hero's Curse (The Unseen Chronicles #1)
35.79,Two,23 Degrees South: A Tropical Tale of Changing Whether...
34.06,Three,"Zero to One: Notes on Startups, or How to Build the Future"
17.76,One,Why Not Me?
39.36,Two,When Breath Becomes Air
36.94,Two,Vagabonding: An Uncommon Guide to the Art of Long-Term World Travel
43.62,Five,The Unlikely Pilgrimage of Harold Fry (Harold Fry #1)
43.02,Three,The New Drawing on the Right Side of the Brain
28.45,Four,"The Midnight Assassin: Panic, Scandal, and the Hunt for America's First Serial Killer"
41.39,Two,The Martian (The Martian #1)
51.15,One,The High Mountains of Portugal
35.88,One,The Grownup
36.91,One,The E-Myth Revisited: Why Most Small Businesses Don't Work and What to Do About It
28.93,One,South of Sunshine
38.89,Five,Smarter Faster Better: The Secrets of Being Productive in Life and Business
58.33,Three,Silence in the Dark (Logan Point #4)
39.67,Five,Shadows of the Past (Logan Point #1)
14.1,Five,Roller Girl
21.82,Three,Rising Strong
54.21,One,Proofs of God: Classical Arguments from Tertullian to Barth
31.19,Four,Please Kill Me: The Uncensored Oral History of Punk
53.64,Five,Out of Print: City Lights Spotlight No. 14
36.39,Five,My Life Next Door (My Life Next Door )
58.54,Two,Miller's Valley
29.48,Three,Man's Search for Meaning
25.06,Two,"Love That Boy: What Two Presidents, Eight Road Trips, and My Son Taught Me About a Parent's Expectations"
12.55,Three,Living Forward: A Proven Plan to Stop Drifting and Get the Life You Want
29.04,Five,Les Fleurs du Mal
40.72,Two,Left Behind (Left Behind #1)
45.05,Five,Kill 'Em and Leave: Searching for James Brown and the American Soul
47.13,One,Kierkegaard: A Christian Missionary to Christians
20.22,Four,John Vassos: Industrial Design for Modern Life
56.48,One,I'll Give You the Sun
44.21,One,I Will Find You
21.96,Four,Hystopia: A Novel
40.45,Two,Howl and Other Poems
10.29,Four,History of Beauty
52.86,Two,Heaven is for Real: A Little Boy's Astounding Story of His Trip to Heaven and Back
55.65,Five,Future Shock (Future Shock #1)
43.64,One,Ender's Game (The Ender Quintet #1)
28.41,One,Diary of a Citizen Scientist: Chasing Tiger Beetles and Other New Ways of Engaging the World
37.51,Four,Death by Leisure: A Cautionary Tale
11.45,Three,Brilliant Beacons: A History of the American Lighthouse
19.22,Two,Brazen: The Courage to Find the You That's Been Hiding
56.91,Four,Between the World and Me
55.06,Four,Being Mortal: Medicine and What Matters in the End
13.2,Three,"A Murder Over a Girl: Justice, Gender, Junior High"
53.63,Two,32 Yolks
44.48,Five,"""Most Blessed of the Patriarchs"": Thomas Jefferson and the Empire of the Imagination"
12.08,Three,You Are a Badass: How to Stop Doubting Your Greatness and Start Living an Awesome Life
22.14,Two,Wildlife of New York: A Five-Borough Coloring Book
25.37,Five,What Happened on Beale Street (Secrets of the South Mysteries #2)
46.33,Two,Unreasonable Hope: Finding Faith in the God Who Brings Purpose to Your Pain
37.33,Three,Under the Tuscan Sun
25.55,One,Toddlers Are A**holes: It's Not Your Fault
34.72,One,The Year of Living Biblically: One Man's Humble Quest to Follow the Bible as Literally as Possible
35.96,Four,The Whale
41.14,Four,The Story of Art
10.01,Four,The Origin of Species
36.05,Four,The Great Gatsby
49.03,Three,The Good Girl
16.24,One,The Glass Castle
39.55,One,The Faith of Christopher Hitchens: The Restless Soul of the World's Most Notorious Atheist
35.67,Three,The Drowning Girls
16.62,Three,The Constant Princess (The Tudor Court #1)
42.78,Four,The Bourne Identity (Jason Bourne #1)
52.3,Five,The Bachelor Girl's Guide to Murder (Herringford and Watts Mysteries #1)
32.34,Two,The Art Book
33.17,Four,The 7 Habits of Highly Effective People: Powerful Lessons in Personal Change
20.12,Five,Team of Rivals: The Political Genius of Abraham Lincoln
20.9,Two,Steal Like an Artist: 10 Things Nobody Told You About Being Creative
20.9,Three,"Sit, Stay, Love"
40.2,Four,Sister Dear
52.87,Three,"Shrunken Treasures: Literary Classics, Short, Sweet, and Silly"
51.74,One,"Rich Dad, Poor Dad"
34.41,Two,Raymie Nightingale
32.38,One,Playing from the Heart
50.35,Four,Nightstruck: A Novel
11.38,Five,"Naturally Lean: 125 Nourishing Gluten-Free, Plant-Based Recipes--All Under 300 Calories"
43.58,Three,Meternity
49.67,Three,Memoirs of a Geisha
28.77,Two,Like Never Before (Walker Family #2)
13.22,Four,Life of Pi
51.17,Five,Leave This Song Behind: Teen Poetry at Its Best
39.61,Five,King's Folly (The Kinsman Chronicles #1)
57.43,Four,John Adams
46.01,Four,How to Cook Everything Vegetarian: Simple Meatless Recipes for Great Food (How to Cook Everything)
28.25,Two,How to Be a Domestic Goddess: Baking and the Art of Comfort Cooking
37.05,Five,Good in Bed (Cannie Shapiro #1)
19.57,One,"Fruits Basket, Vol. 7 (Fruits Basket #7)"
45.13,Three,For the Love: Fighting for Grace in a World of Impossible Standards
46.64,Two,Finding God in the Ruins: How God Redeems Pain
12.16,Five,Every Heart a Doorway (Every Heart A Doorway #1)
20.89,Four,Delivering the Truth (Quaker Midwife Mystery #1)
17.97,Five,Counted With the Stars (Out from Egypt #1)
52.6,Two,"Chronicles, Vol. 1"
25.77,One,Blue Like Jazz: Nonreligious Thoughts on Christian Spirituality
48.19,Three,Benjamin Franklin: An American Life
29.93,Five,"At The Existentialist Café: Freedom, Being, and apricot cocktails with: Jean-Paul Sartre, Simone de Beauvoir, Albert Camus, Martin Heidegger, Edmund Husserl, Karl Jaspers, Maurice Merleau-Ponty and others"
44.34,Two,A Summer In Europe
52.4,Five,A Short History of Nearly Everything
44.81,Four,A Gathering of Shadows (Shades of Magic #2)
57.84,Five,The Sound Of Love
39.67,Two,The Rise and Fall of the Third Reich: A History of Nazi Germany
55.02,Three,The Perks of Being a Wallflower
24.8,Four,The Mysterious Affair at Styles (Hercule Poirot #1)
59.45,Four,The Man Who Mistook His Wife for a Hat and Other Clinical Tales
31.58,Two,The Makings of a Fatherless Child
43.27,Four,The Joy of Cooking
37.34,One,The Invention of Wings
17.8,Five,The Hobbit (Middle-Earth Universe)
30.54,One,The Great Railway Bazaar
18.77,One,The Golden Compass (His Dark Materials #1)
46.85,Three,The God Delusion
15.79,One,The Girl You Left Behind (The Girl You Left Behind #1)
10.27,Two,The Fellowship of the Ring (The Lord of the Rings #1)
15.42,Five,The Collected Poems of W.B. Yeats (The Collected Works of W.B. Yeats #1)
59.92,Five,The Barefoot Contessa Cookbook
50.96,Two,Tell the Wolves I'm Home
30.6,Three,Ship Leaves Harbor: Essays on Travel by a Recovering Journeyman
19.27,Four,Pride and Prejudice
46.58,One,Musicophilia: Tales of Music and the Brain
48.51,Three,Mere Christianity
19.02,One,Me Before You (Me Before You #1)
38.38,Two,In the Woods (Dublin Murder Squad #1)
49.98,Four,In Cold Blood
46.49,Five,How to Stop Worrying and Start Living
18.32,Two,Give It Back
42.14,Three,"Girl, Interrupted"
56.59,Four,Fun Home: A Family Tragicomic
20.96,Four,"Fruits Basket, Vol. 6 (Fruits Basket #6)"
40.32,Four,Deception Point
36.39,Three,"Death Note, Vol. 6: Give-and-Take (Death Note #6)"
58.55,Four,Catherine the Great: Portrait of a Woman
39.61,Three,Better Homes and Gardens New Cook Book
21.3,Three,An Unquiet Mind: A Memoir of Moods and Madness
56.88,Four,A Year in Provence (Provence #1)
32.97,Four,World Without End (The Pillars of the Earth #2)
47.31,Four,"Will Grayson, Will Grayson (Will Grayson, Will Grayson)"
48.67,Two,Why Save the Bankers?: And Other Essays on Our Economic and Political Crisis
41.73,Four,Where She Went (If I Stay #2)
53.68,Four,What If?: Serious Scientific Answers to Absurd Hypothetical Questions
14.64,One,Two Summers
38.4,One,This Is Your Brain on Music: The Science of a Human Obsession
15.08,Four,The Secret Garden
30.57,Two,The Raven King (The Raven Cycle #4)
57.74,Four,The Raven Boys (The Raven Cycle #1)
11.05,Five,The Power Greens Cookbook: 140 Delicious Superfood Recipes
28.58,One,The Metamorphosis
42.91,Five,The Mathews Men: Seven Brothers and the War Against Hitler's U-boats
24.73,Three,The Little Paris Bookshop
55.91,Four,The Hiding Place
13.76,Three,The Grand Design
45.56,Three,The Firm
47.22,One,The Fault in Our Stars
56.0,Five,The False Prince (The Ascendance Trilogy #1)
44.58,Two,The Expatriates
34.5,One,The Dream Thieves (The Raven Cycle #2)
11.33,Five,The Darkest Corners
38.77,Four,The Crossover
11.83,Two,The 5th Wave (The 5th Wave #1)
45.51,Three,Tell the Wind and Fire
41.81,One,Tell Me Three Things
25.15,Four,Talking to Girls About Duran Duran: One Young Man's Quest for True Love and a Cooler Haircut
34.22,Five,Siddhartha
16.23,Five,Shiver (The Wolves of Mercy Falls #1)
11.48,Three,Remember Me?
23.37,Three,Red Dragon (Hannibal Lecter #1)
16.28,Two,Peak: Secrets from the New Science of Expertise
31.63,Four,My Mother Was Nuts
24.91,Five,Mexican Today: New and Rediscovered Recipes for Contemporary Kitchens
22.54,One,Maybe Something Beautiful: How Art Transformed a Neighborhood
23.63,Four,Lola and the Boy Next Door (Anna and the French Kiss #2)
13.12,Two,Logan Kade (Fallen Crest High #5.5)
59.98,Three,Last One Home (New Beginnings #1)
31.49,Four,Killing Floor (Jack Reacher #1)
15.52,Five,Kill the Boy Band
48.13,Five,Isla and the Happily Ever After (Anna and the French Kiss #3)
38.13,Five,If I Stay (If I Stay #1)
36.55,Two,I Know Why the Caged Bird Sings (Maya Angelou's Autobiography #1)
23.32,One,Harry Potter and the Deathly Hallows (Harry Potter #7)
16.33,One,"Fruits Basket, Vol. 5 (Fruits Basket #5)"
32.42,One,Foundation (Foundation (Publication Order) #1)
16.96,One,Fool Me Once
22.37,One,Find Her (Detective D.D. Warren #8)
42.27,One,Evicted: Poverty and Profit in the American City
38.7,Two,Drama
35.63,Five,Dracula the Un-Dead
58.0,Five,Digital Fortress
52.41,One,"Death Note, Vol. 5: Whiteout (Death Note #5)"
32.35,Three,"Data, A Love Story: How I Gamed Online Dating to Meet My Match"
20.75,One,Critique of Pure Reason
17.49,Five,Booked
34.13,Five,"Blue Lily, Lily Blue (The Raven Cycle #3)"
58.81,Five,Approval Junkie: Adventures in Caring Too Much
10.0,Five,An Abundance of Katherines
51.22,Two,America's War for the Greater Middle East: A Military History
58.59,Four,Alight (The Generations Trilogy #2)
31.3,One,A Girl's Guide to Moving On (New Beginnings #2)
46.42,Two,A Game of Thrones (A Song of Ice and Fire #1)
17.21,Four,A Feast for Crows (A Song of Ice and Fire #4)
10.79,Three,A Clash of Kings (A Song of Ice and Fire #2)
52.35,Four,Vogue Colors A to Z: A Fashion Coloring Book
27.88,Three,The Shining (The Shining #1)
50.26,Two,The Pilgrim's Progress
59.99,Three,The Perfect Play (Play by Play #1)
28.32,Five,The Passion of Dolssa
38.71,Three,The Jazz of Physics: The Secret Link Between Music and the Structure of the Universe
29.85,Five,The Hunger Games (The Hunger Games #1)
14.82,Two,The Hound of the Baskervilles (Sherlock Holmes #5)
16.81,Four,The Gunning of America: Business and the Making of American Gun Culture
28.23,Two,The Geography of Bliss: One Grump's Search for the Happiest Places in the World
52.11,Two,The Demonists (Demonist #1)
27.88,Two,"The Demon Prince of Momochi House, Vol. 4 (The Demon Prince of Momochi House #4)"
59.71,Three,The Bone Hunters (Lexy Vaughan & Steven Macaulay #2)
46.08,Five,The Beast (Black Dagger Brotherhood #14)
13.73,Five,Some Women
48.39,Five,Shopaholic Ties the Knot (Shopaholic #3)
49.45,Five,Paper and Fire (The Great Library #2)
19.67,Five,Outlander (Outlander #1)
12.36,Three,"Orchestra of Exiles: The Story of Bronislaw Huberman, the Israel Philharmonic, and the One Thousand Jews He Saved from Nazi Horrors"
20.02,Five,No One Here Gets Out Alive
12.75,Four,Night Shift (Night Shift #1-20)
47.51,Four,Needful Things
20.44,Four,Mockingjay (The Hunger Games #3)
34.79,Two,Misery
28.07,Four,Little Women (Little Women #1)
25.01,Three,It
13.9,Three,Harry Potter and the Sorcerer's Stone (Harry Potter #1)
24.17,Four,Harry Potter and the Prisoner of Azkaban (Harry Potter #3)
31.63,Four,Harry Potter and the Order of the Phoenix (Harry Potter #5)
48.75,Five,Harry Potter and the Half-Blood Prince (Harry Potter #6)
14.74,One,Harry Potter and the Chamber of Secrets (Harry Potter #2)
32.49,Three,Gone with the Wind
27.8,One,God Is Not Great: How Religion Poisons Everything
26.77,One,Girl With a Pearl Earring
50.44,Four,"Fruits Basket, Vol. 4 (Fruits Basket #4)"
34.93,Two,Far From True (Promise Falls Trilogy #2)
12.87,One,Dark Lover (Black Dagger Brotherhood #1)
48.94,Two,Confessions of a Shopaholic (Shopaholic #1)
13.38,Three,Changing the Game (Play by Play #2)
58.63,Three,Candide
21.94,One,Can You Keep a Secret?
26.58,Five,Atlas Shrugged
57.22,Three,Animal Farm
56.43,One,A Walk to Remember
55.65,Five,A New Earth: Awakening to Your Life's Purpose
27.62,One,"A History of God: The 4,000-Year Quest of Judaism, Christianity, and Islam"
49.56,Four,'Salem's Lot
34.77,One,Zero History (Blue Ant #3)
17.73,Three,Wuthering Heights
21.8,One,World War Z: An Oral History of the Zombie War
46.02,Three,Wild: From Lost to Found on the Pacific Crest Trail
18.13,One,"Where'd You Go, Bernadette"
30.89,Five,When You Are Engulfed in Flames
31.95,Three,We the People: The Modern-Day Figures Who Have Reshaped and Affirmed the Founding Fathers' Vision of America
24.04,One,We Are All Completely Beside Ourselves
32.36,Three,Walk the Edge (Thunder Road #2)
21.07,Five,Voyager (Outlander #3)
50.66,Three,Very Good Lives: The Fringe Benefits of Failure and the Importance of Imagination
13.66,Two,Vegan Vegetarian Omnivore: Dinner for Everyone at the Table
58.09,One,"Unstuffed: Decluttering Your Home, Mind, and Soul"
30.0,One,Under the Banner of Heaven: A Story of Violent Faith
32.74,Two,Two Boys Kissing
41.93,Two,Twilight (Twilight #1)
42.8,Two,Twenties Girl
53.51,One,"Trespassing Across America: One Man's Epic, Never-Done-Before (and Sort of Illegal) Hike Across the Heartland"
23.21,Three,Three-Martini Lunch
21.14,One,"Thinking, Fast and Slow"
56.07,Three,The Wild Robot
14.41,Three,"The Wicked + The Divine, Vol. 3: Commercial Suicide (The Wicked + The Divine)"
45.75,Four,The Undomestic Goddess
15.77,One,The Travelers
10.02,Two,The Tipping Point: How Little Things Can Make a Big Difference
48.77,One,The Thing About Jellyfish
57.86,Two,The Stand
23.59,One,The Smitten Kitchen Cookbook
23.05,Five,The Silkworm (Cormoran Strike #2)
55.55,Five,"The Sandman, Vol. 3: Dream Country (The Sandman (volumes) #3)"
58.64,Four,The Rose & the Dagger (The Wrath and the Dawn #2)
23.21,One,The Road to Little Dribbling: Adventures of an American in Britain (Notes From a Small Island #2)
42.57,Three,The Rise of Theodore Roosevelt (Theodore Roosevelt #1)
10.92,One,The Restaurant at the End of the Universe (Hitchhiker's Guide to the Galaxy #2)
34.77,One,The Rest Is Noise: Listening to the Twentieth Century
35.66,Five,The Red Tent
37.19,Three,The Purpose Driven Life: What on Earth Am I Here for?
12.25,One,The Purest Hook (Second Circle Tattoos #3)
29.7,Two,The Picture of Dorian Gray
36.8,Three,The Paris Wife
45.43,One,The Obsession
26.26,Four,The Nightingale
44.92,Three,The New Guy (and Other Senior Year Distractions)
52.53,Five,The Nanny Diaries (Nanny #1)
37.25,Two,The Name of God is Mercy
20.93,One,The Maze Runner (The Maze Runner #1)
58.09,Two,The Lover's Dictionary
43.59,Five,The Lonely Ones
33.92,Three,The Lean Startup: How Today's Entrepreneurs Use Continuous Innovation to Create Radically Successful Businesses
55.55,Two,The Last Painting of Sara de Vos
29.64,Four,"The Land of 10,000 Madonnas"
27.41,One,The Infinities
52.51,Five,The Husband's Secret
47.8,Three,The Hitchhiker's Guide to the Galaxy (Hitchhiker's Guide to the Galaxy #1)
14.54,Two,The Guns of August
49.53,One,The Guernsey Literary and Potato Peel Pie Society
43.58,Three,The Goldfinch
12.3,One,The Giver (The Giver Quartet #1)
49.47,Three,The Girl with All the Gifts
22.14,Two,The Girl Who Played with Fire (Millennium Trilogy #2)
57.48,One,The Girl Who Kicked the Hornet's Nest (Millennium Trilogy #3)
43.45,Three,The Exiled
22.13,Four,"The End of Faith: Religion, Terror, and the Future of Reason"
13.03,Four,"The Elegant Universe: Superstrings, Hidden Dimensions, and the Quest for the Ultimate Theory"
57.35,Five,"The Disappearing Spoon: And Other True Tales of Madness, Love, and the History of the World from the Periodic Table of the Elements"
44.29,One,The Devil Wears Prada (The Devil Wears Prada #1)
52.25,Four,The Demon-Haunted World: Science as a Candle in the Dark
26.33,Five,The Day the Crayons Came Home (Crayons)
22.96,Two,The Da Vinci Code (Robert Langdon #2)
19.21,One,The Cuckoo's Calling (Cormoran Strike #1)
26.78,Four,The Complete Stories and Poems (The Works of Edgar Allan Poe [Cameo Edition])
41.32,Five,The Complete Poems
24.55,One,The Catcher in the Rye
16.26,Two,The Cat in the Hat (Beginner Books B-1)
47.84,One,The Case for Christ (Cases for Christianity)
53.49,Two,The Book Thief
44.84,Five,The Book of Basketball: The NBA According to The Sports Guy
53.71,Five,The Blind Side: Evolution of a Game
23.43,Two,The Autobiography of Malcolm X
34.32,Three,"The Art of Simple Food: Notes, Lessons, and Recipes from a Delicious Revolution"
22.1,One,The Art of Fielding
25.83,Two,"Surely You're Joking, Mr. Feynman!: Adventures of a Curious Character"
36.74,Three,Stiff: The Curious Lives of Human Cadavers
49.51,One,Spilled Milk: Based on a True Story
48.96,Five,Something Borrowed (Darcy & Rachel #1)
54.62,One,Something Blue (Darcy & Rachel #2)
24.72,Two,Soldier (Talon #3)
46.45,Two,Shopaholic & Baby (Shopaholic #5)
52.33,Two,Seven Days in the Art World
30.6,Four,Seven Brief Lessons on Physics
14.57,Four,Scarlet (The Lunar Chronicles #2)
46.29,One,Sarah's Key
21.57,Five,"Saga, Volume 3 (Saga (Collected Editions) #3)"
12.91,Four,Running with Scissors
50.11,Three,Rogue Lawyer (Rogue Lawyer #1)
41.67,Four,"Rise of the Rocket Girls: The Women Who Propelled Us, from Missiles to the Moon to Mars"
44.88,Two,Rework
11.1,Three,Reservations for Two
28.54,Three,Red: The True Story of Red Riding Hood
19.07,Four,Ready Player One
43.55,One,Quiet: The Power of Introverts in a World That Can't Stop Talking
43.63,Three,Prodigy: The Graphic Novel (Legend: The Graphic Novel #2)
39.13,One,Persepolis: The Story of a Childhood (Persepolis #1-2)
56.68,Two,Packing for Mars: The Curious Science of Life in the Void
14.16,One,Outliers: The Story of Success
31.45,Three,Original Fake
24.61,Two,Orange Is the New Black
32.87,Two,One for the Money (Stephanie Plum #1)
40.17,One,Notes from a Small Island (Notes From a Small Island #1)
13.51,One,Night (The Night Trilogy #1)
38.95,Three,Neither Here nor There: Travels in Europe
31.69,Three,Naked
29.4,One,Morning Star (Red Rising #3)
57.83,One,"Miracles from Heaven: A Little Girl, Her Journey to Heaven, and Her Amazing Story of Healing"
55.46,Two,Midnight Riot (Peter Grant/ Rivers of London - books #1)
57.6,Two,Me Talk Pretty One Day
34.98,Two,Manuscript Found in Accra
11.87,Two,Lust & Wonder
12.47,Three,Lila (Gilead #3)
33.26,Two,"Life, the Universe and Everything (Hitchhiker's Guide to the Galaxy #3)"
59.04,Five,Life Without a Recipe
26.13,Two,Life After Life
22.2,One,Letter to a Christian Nation
45.11,One,Let's Pretend This Never Happened: A Mostly True Memoir
43.69,Four,Legend (Legend #1)
25.02,One,"Lean In: Women, Work, and the Will to Lead"
55.5,Five,"Lamb: The Gospel According to Biff, Christ's Childhood Pal"
53.04,Five,Lady Renegades (Rebel Belle #3)
44.97,One,Jurassic Park (Jurassic Park #1)
42.38,One,It's Never Too Late to Begin Again: Discovering Creativity and Meaning at Midlife and Beyond
20.11,Three,Is Everyone Hanging Out Without Me? (And Other Concerns)
56.7,Five,Into the Wild
41.0,Five,Inferno (Robert Langdon #4)
28.85,Three,"In the Garden of Beasts: Love, Terror, and an American Family in Hitler's Berlin"
49.97,Four,If I Run (If I Run #1)
19.69,One,I've Got Your Number
28.88,Two,I Am Malala: The Girl Who Stood Up for Education and Was Shot by the Taliban
33.14,Three,Hungry Girl Clean & Hungry: Easy All-Natural Recipes for Healthy Eating in the Real World
43.7,Two,"House of Lost Worlds: Dinosaurs, Dynasties, and the Story of Life on Earth"
54.89,One,House of Leaves
37.52,Two,Horrible Bear!
51.07,Two,Holidays on Ice
44.07,Four,Heir to the Sky
10.79,Four,Green Eggs and Ham (Beginner Books B-16)
42.72,One,"Grayson, Vol 3: Nemesis (Grayson #3)"
26.66,Five,Gratitude
37.6,Five,Gone Girl
42.21,Four,Golden (Heart of Dread #3)
46.83,Two,Girl in the Blue Coat
45.17,Two,"Fruits Basket, Vol. 3 (Fruits Basket #3)"
51.22,Three,"Friday Night Lights: A Town, a Team, and a Dream"
21.28,Four,Fire Bound (Sea Haven/Sisters of the Heart #5)
15.36,Five,Fifty Shades Freed (Fifty Shades #3)
38.62,One,Fellside
25.4,Three,Extreme Prey (Lucas Davenport #26)
43.87,Three,Eragon (The Inheritance Cycle #1)
18.74,One,Eclipse (Twilight #3)
54.86,One,Dune (Dune #1)
52.62,Three,Dracula
51.48,One,Do Androids Dream of Electric Sheep? (Blade Runner #1)
15.28,Five,Disrupted: My Misadventure in the Start-Up Bubble
39.24,Five,Dead Wake: The Last Crossing of the Lusitania
17.81,One,"David and Goliath: Underdogs, Misfits, and the Art of Battling Giants"
56.02,One,Darkfever (Fever #1)
23.9,Five,Dark Places
49.13,Five,Crazy Rich Asians (Crazy Rich Asians #1)
10.62,One,Counting Thyme
36.17,Two,Cosmos
59.95,Two,Civilization and Its Discontents
26.09,One,Cinder (The Lunar Chronicles #1)
37.35,Two,Catastrophic Happiness: Finding Joy in Childhood's Messy Years
24.72,Two,Career of Evil (Cormoran Strike #3)
35.28,Five,Breaking Dawn (Twilight #4)
51.32,Five,Brave Enough
21.12,Three,Boy Meets Boy
27.35,Two,"Born to Run: A Hidden Tribe, Superathletes, and the Greatest Race the World Has Never Seen"
21.74,Five,Blink: The Power of Thinking Without Thinking
40.87,One,Black Flags: The Rise of ISIS
49.31,One,"Black Butler, Vol. 1 (Black Butler #1)"
22.11,One,Big Little Lies
20.79,Five,Between Shades of Gray
27.41,Two,Best of My Love (Fool's Gold #20)
38.35,Two,Beowulf
21.55,Five,Beautiful Creatures (Caster Chronicles #1)
38.02,Two,Awkward
22.06,Four,Ash
10.66,Three,Are We There Yet?
56.58,One,Are We Smart Enough to Know How Smart Animals Are?
36.83,Five,Annie on My Mind
35.01,Two,And Then There Were None
30.48,Four,A Walk in the Woods: Rediscovering America on the Appalachian Trail
14.08,Five,A Visit from the Goon Squad
31.22,Two,A Storm of Swords (A Song of Ice and Fire #3)
54.29,Five,A Heartbreaking Work of Staggering Genius
31.04,One,8 Keys to Mental Health Through Exercise
50.96,One,#GIRLBOSS
11.89,Two,"The Suffragettes (Little Black Classics, #96)"
31.38,Three,The Sense of an Ending
54.81,One,"The Sandman, Vol. 2: The Doll's House (The Sandman (volumes) #2)"
16.78,Three,The Course of Love
24.42,One,Sugar Rush (Offensive Line #2)
11.75,Three,"Saga, Volume 2 (Saga (Collected Editions) #2)"
20.02,One,"Run, Spot, Run: The Ethics of Keeping Pets"
12.86,Four,New Moon (Twilight #2)
31.58,Five,Life
34.0,Three,Kindle Paperwhite User's Guide
57.42,Five,H is for Hawk
53.47,One,Girl Online On Tour (Girl Online #2)
11.64,Five,"Fruits Basket, Vol. 2 (Fruits Basket #2)"
52.88,Four,Diary of a Minecraft Zombie Book 1: A Scare of a Dare (An Unofficial Minecraft Book)
18.51,Four,"Y: The Last Man, Vol. 1: Unmanned (Y: The Last Man #1)"
41.32,Five,While You Were Mine
39.77,Three,Where Lightning Strikes (Bleeding Stars #3)
51.96,Three,When I'm Gone
39.51,Five,Ways of Seeing
15.4,One,"Vampire Knight, Vol. 1 (Vampire Knight #1)"
53.82,Two,Vampire Girl (Vampire Girl #1)
30.95,Four,Twenty Love Poems and a Song of Despair
57.82,Five,Travels with Charley: In Search of America
44.18,Two,Three Wishes (River of Time: California #1)
48.71,One,This One Moment (Pushing Limits #1)
19.69,Five,The Zombie Room
36.52,Two,"The Wicked + The Divine, Vol. 1: The Faust Act (The Wicked + The Divine)"
41.56,Five,The Tumor
43.19,Four,The Story of Hong Gildong
12.34,Five,The Silent Wife
36.25,Three,The Silent Twin (Detective Jennifer Knight #3)
29.45,One,The Selfish Gene
34.56,Three,The Secret Healer
54.12,Three,"The Sandman, Vol. 1: Preludes and Nocturnes (The Sandman (volumes) #1)"
33.78,Three,The Republic
29.64,Three,The Odyssey
57.7,Four,The No. 1 Ladies' Detective Agency (No. 1 Ladies' Detective Agency #1)
36.34,One,The Nicomachean Ethics
50.59,Three,The Name of the Wind (The Kingkiller Chronicle #1)
29.38,One,The Mirror & the Maze (The Wrath and the Dawn #1.5)
45.42,Two,The Little Prince
54.43,One,The Light of the Fireflies
36.26,Two,The Last Girl (The Dominion Trilogy #1)
16.16,One,The Iliad
36.29,Five,The Hook Up (Game On #1)
27.89,Five,The Haters
12.29,Five,The Girl You Lost
15.85,Three,The Girl In The Ice (DCI Erika Foster #1)
14.4,One,The End of the Jesus Era (An Investigation #1)
19.18,Four,The Edge of Reason (Bridget Jones #2)
10.64,Three,The Complete Maus (Maus #1-2)
14.76,Three,The Communist Manifesto
57.49,Three,The Bhagavad Gita
30.66,Three,The Bette Davis Club
40.83,Four,The Art of Not Breathing
18.88,Two,Taking Shots (Assassins #1)
25.83,Three,Starlark
42.12,Three,"Skip Beat!, Vol. 01 (Skip Beat! #1)"
13.33,Three,Sister Sable (The Mad Queen #1)
42.4,One,Shatter Me (Shatter Me #1)
58.35,Three,Shameless
21.72,Four,Shadow Rites (Jane Yellowrock #10)
44.91,Two,Settling the Score (The Summer Games #1)
37.46,One,Sense and Sensibility
28.48,One,"Saga, Volume 1 (Saga (Collected Editions) #1)"
28.34,Two,"Rhythm, Chord & Malykhin"
46.96,Five,"Rat Queens, Vol. 1: Sass & Sorcery (Rat Queens (Collected Editions) #1-5)"
24.96,One,Paradise Lost (Paradise #1)
21.71,Four,"Paper Girls, Vol. 1 (Paper Girls #1-5)"
29.87,Three,"Ouran High School Host Club, Vol. 1 (Ouran High School Host Club #1)"
28.99,One,Origins (Alphas 0.5)
52.94,Two,One Second (Seven #7)
32.36,Three,On the Road (Duluoz Legend)
55.66,Two,Old Records Never Die: One Man's Quest for His Vinyl and His Past
39.45,Five,Off Sides (Off #1)
47.11,Two,Of Mice and Men
58.75,Four,Myriad (Prentor #1)
38.92,Two,My Perfect Mistake (Over the Top #1)
39.39,Four,"Ms. Marvel, Vol. 1: No Normal (Ms. Marvel (2014-2015) #1)"
25.89,Two,Meditations
28.34,One,Matilda
27.7,Four,Lost Among the Living
24.89,Three,Lord of the Flies
58.99,Three,Listen to Me (Fusion #1)
57.2,Five,Kitchens of the Great Midwest
38.43,Five,Jane Eyre
34.74,Four,Imperfect Harmony
40.44,Four,Icing (Aces Hockey #2)
45.24,Three,"Hawkeye, Vol. 1: My Life as a Weapon (Hawkeye #1)"
34.96,Four,Having the Barbarian's Baby (Ice Planet Barbarians #7.5)
56.76,Four,"Giant Days, Vol. 1 (Giant Days #1-4)"
40.28,Five,"Fruits Basket, Vol. 1 (Fruits Basket #1)"
38.0,Two,Frankenstein
28.8,Three,Forever Rockers (The Rocker #12)
39.24,Three,Fighting Fate (Fighting #6)
32.93,Two,Emma
51.32,Three,"Eat, Pray, Love"
47.09,Five,Deep Under (Walker Security #1)
28.42,Four,Choosing Our Religion: The Spiritual Lives of America's Nones
22.85,Three,Charlie and the Chocolate Factory (Charlie Bucket #1)
41.24,One,Charity's Cross (Charles Towne Belles #4)
39.07,Five,Bright Lines
29.82,One,Bridget Jones's Diary (Bridget Jones #1)
37.26,Four,Bounty (Colorado Mountain #7)
20.3,Three,Blood Defense (Samantha Brinkman #1)
34.65,Five,"Bleach, Vol. 1: Strawberry and the Soul Reapers (Bleach #1)"
43.38,One,Beyond Good and Evil
55.53,One,Alice in Wonderland (Alice's Adventures in Wonderland #1)
57.06,Four,"Ajin: Demi-Human, Volume 1 (Ajin: Demi-Human #1)"
16.97,Five,A Spy's Devotion (The Regency Spies of London #1)
53.98,One,1st to Die (Women's Murder Club #1)
26.08,Five,"1,000 Places to See Before You Die"
price,rating,title
51.77,Three,A Light in the Attic
53.74,One,Tipping the Velvet
50.1,One,Soumission
47.82,Four,Sharp Objects
54.23,Five,Sapiens: A Brief History of Humankind
22.65,One,The Requiem Red
33.34,Four,The Dirty Little Secrets of Getting Your Dream Job
17.93,Three,"The Coming Woman: A Novel Based on the Life of the Infamous Feminist, Victoria Woodhull"
22.6,Four,The Boys in the Boat: Nine Americans and Their Epic Quest for Gold at the 1936 Berlin Olympics
52.15,One,The Black Maria
13.99,Two,"Starving Hearts (Triangular Trade Trilogy, #1)"
20.66,Four,Shakespeare's Sonnets
17.46,Five,Set Me Free
52.29,Five,Scott Pilgrim's Precious Little Life (Scott Pilgrim #1)
35.02,Five,Rip it Up and Start Again
57.25,Three,"Our Band Could Be Your Life: Scenes from the American Indie Underground, 1981-1991"
23.88,One,Olio
37.59,One,Mesaerion: The Best Science Fiction Stories 1800-1849
51.33,Two,Libertarianism for Beginners
45.17,Two,It's Only the Himalayas
12.84,One,In Her Wake
37.32,Two,How Music Works
30.52,Three,"Foolproof Preserving: A Guide to Small Batch Jams, Jellies, Pickles, Condiments, and More: A Foolproof Guide to Making Small Batch Jams, Jellies, Pickles, Condiments, and More"
25.27,Five,Chase Me (Paris Nights #2)
34.53,Five,Black Dust
54.64,Three,Birdsong: A Story in Pictures
22.5,Three,America's Cradle of Quarterbacks: Western Pennsylvania's Football Factory from Johnny Unitas to Joe Montana
53.13,Three,Aladdin and His Wonderful Lamp
40.3,Five,Worlds Elsewhere: Journeys Around Shakespeare’s Globe
44.18,Four,Wall and Piece
17.66,Five,The Four Agreements: A Practical Guide to Personal Freedom
31.05,Three,The Five Love Languages: How to Express Heartfelt Commitment to Your Mate
23.82,Five,The Elephant Tree
36.89,One,The Bear and the Piano
15.94,Five,Sophie's World
33.29,Three,Penny Maybe
18.02,Two,Maude (1883-1993):She Grew Up with the country
19.63,One,"In a Dark, Dark Wood"
52.22,Four,Behind Closed Doors
33.63,Two,You can't bury them all: Poems
57.31,Three,Slow States of Collapse: Poems
26.41,Two,Reasons to Stay Alive
47.61,Five,Private Paris (Private #10)
23.11,Five,#HigherSelfie: Wake Up Your Life. Free Your Soul. Find Your Tribe.
45.07,Two,Without Borders (Wanderlove #1)
31.77,One,When We Collided
50.27,Five,"We Love You, Charlie Freeman"
14.27,Four,Untitled Collection: Sabbath Poems 2014
44.18,Four,"Unseen City: The Majesty of Pigeons, the Discreet Charm of Snails & Other Wonders of the Urban Wilderness"
18.78,Three,Unicorn Tracks
25.52,One,"Unbound: How Eight Technologies Made Us Human, Transformed Society, and Brought Our World to the Brink"
16.28,One,Tsubasa: WoRLD CHRoNiCLE 2 (Tsubasa WoRLD CHRoNiCLE #2)
31.12,Three,Throwing Rocks at the Google Bus: How Growth Became the Enemy of Prosperity
19.49,Four,This One Summer
17.27,Five,Thirst
19.09,One,The Torch Is Passed: A Harding Family Story
56.13,One,The Secret of Dreadwillow Carse
56.41,One,"The Pioneer Woman Cooks: Dinnertime: Comfort Classics, Freezer Food, 16-Minute Meals, and Other Delicious Ways to Solve Supper!"
56.5,Four,The Past Never Ends
45.22,Three,The Natural History of Us (The Fine Art of Pretending #2)
38.16,Four,The Nameless City (The Nameless City #1)
54.11,Three,The Murder That Never Was (Forensic Instincts #5)
42.96,Four,The Most Perfect Thing: Inside (and Outside) a Bird's Egg
23.89,Four,"The Mindfulness and Acceptance Workbook for Anxiety: A Guide to Breaking Free from Anxiety, Phobias, and Worry Using Acceptance and Commitment Therapy"
16.77,Three,The Life-Changing Magic of Tidying Up: The Japanese Art of Decluttering and Organizing
20.59,Five,"The Inefficiency Assassin: Time Management Tactics for Working Smarter, Not Longer"
37.13,One,The Gutsy Girl: Escapades for Your Life of Epic Adventure
56.06,One,The Electric Pencil: Drawings from Inside State Hospital No. 3
58.11,Four,The Death of Humanity: and the Case for Life
49.05,Three,"The Bulletproof Diet: Lose up to a Pound a Day, Reclaim Energy and Focus, Upgrade Your Life"
40.76,Three,The Art Forger
19.73,One,The Age of Genius: The Seventeenth Century and the Birth of the Modern Mind
32.24,Five,The Activist's Tao Te Ching: Ancient Advice for a Modern Revolution
41.83,Four,Spark Joy: An Illustrated Master Class on the Art of Organizing and Tidying Up
39.58,Two,Soul Reader
39.25,Two,Security
25.02,Three,"Saga, Volume 6 (Saga (Collected Editions) #6)"
51.04,Two,"Saga, Volume 5 (Saga (Collected Editions) #5)"
19.83,Two,Reskilling America: Learning to Labor in the Twenty-First Century
50.4,Three,"Rat Queens, Vol. 3: Demons (Rat Queens (Collected Editions) #11-15)"
13.61,Five,"Princess Jellyfish 2-in-1 Omnibus, Vol. 01 (Princess Jellyfish 2-in-1 Omnibus #1)"
13.34,Five,Princess Between Worlds (Wide-Awake Princess #5)
18.97,One,"Pop Gun War, Volume 1: Gift"
36.28,Two,"Political Suicide: Missteps, Peccadilloes, Bad Calls, Backroom Hijinx, Sordid Pasts, Rotten Breaks, and Just Plain Dumb Mistakes in the Annals of American Politics"
10.16,Three,Patience
15.44,Four,"Outcast, Vol. 1: A Darkness Surrounds Him (Outcast #1)"
48.41,One,orange: The Complete Collection 1 (orange: The Complete Collection #1)
46.35,One,Online Marketing for Busy Authors: A Step-By-Step Guide
14.07,Three,On a Midnight Clear
14.86,Two,Obsidian (Lux #1)
33.37,Two,My Paris Kitchen: Recipes and Stories
56.4,Two,Masks and Shadows
14.02,Four,"Mama Tried: Traditional Italian Cooking for the Screwed, Crude, Vegan, and Tattooed"
46.91,Two,"Lumberjanes, Vol. 2: Friendship to the Max (Lumberjanes #5-8)"
45.61,Three,"Lumberjanes, Vol. 1: Beware the Kitten Holy (Lumberjanes #1-4)"
19.92,Two,Lumberjanes Vol. 3: A Terrible Plan (Lumberjanes #9-12)
40.11,One,"Layered: Baking, Building, and Styling Spectacular Cakes"
53.9,Two,Judo: Seven Steps to Black Belt (an Introductory Guide for Beginners)
35.67,Five,Join
22.0,Four,In the Country We Love: My Family Divided
57.36,Five,Immunity: How Elie Metchnikoff Changed the Course of Modern Medicine
29.17,Two,"I Hate Fairyland, Vol. 1: Madly Ever After (I Hate Fairyland (Compilations) #1-5)"
54.63,Three,I am a Hero Omnibus Volume 1
46.03,One,How to Be Miserable: 40 Strategies You Already Use
33.97,One,Her Backup Boyfriend (The Sorensen Family #1)
22.11,Two,"Giant Days, Vol. 2 (Giant Days #5-8)"
29.69,Three,Forever and Forever: The Courtship of Henry Longfellow and Fanny Appleton
15.97,Four,First and First (Five Boroughs #3)
21.96,One,Fifty Shades Darker (Fifty Shades #2)
54.35,Two,Everydata: The Misinformation Hidden in the Little Data You Consume Every Day
37.97,Two,"Don't Be a Jerk: And Other Practical Advice from Dogen, Japan's Greatest Zen Master"
51.99,Four,Danganronpa Volume 1
43.29,Three,Crown of Midnight (Throne of Glass #2)
36.72,Four,"Codename Baboushka, Volume 1: The Conclave of Death"
17.08,Four,Camp Midnight
29.14,Five,Call the Nurse: True Stories of a Country Nurse on a Scottish Isle
28.81,Three,Burning
49.46,Two,Bossypants
37.92,Two,"Bitch Planet, Vol. 1: Extraordinary Machine (Bitch Planet (Collected Editions))"
28.09,Two,"Avatar: The Last Airbender: Smoke and Shadow, Part 3 (Smoke and Shadow #3)"
30.81,One,Algorithms to Live By: The Computer Science of Human Decisions
42.95,One,A World of Flavor: Your Gluten Free Passport
56.76,Five,"A Piece of Sky, a Grain of Rice: A Memoir in Four Meditations"
16.64,One,A Murder in Time
55.53,Five,A Flight of Arrows (The Pathfinders #2)
28.13,Four,A Fierce and Subtle Poison
52.37,One,A Court of Thorns and Roses (A Court of Thorns and Roses #1)
54.0,Five,(Un)Qualified: How God Uses Broken People to Do Big Things
21.87,Four,You Are What You Love: The Spiritual Power of Habit
43.3,Four,"William Shakespeare's Star Wars: Verily, A New Hope (William Shakespeare's Star Wars #4)"
21.04,Two,Tuesday Nights in 1980
41.6,Three,Tracing Numbers on a Train
35.07,Three,Throne of Glass (Throne of Glass #1)
59.64,One,Thomas Jefferson and the Tripoli Pirates: The Forgotten War That Changed American History
52.72,One,Thirteen Reasons Why
58.08,Four,The White Cat and the Monk: A Retelling of the Poem “Pangur Bán”
24.12,One,The Wedding Dress
42.15,Four,The Vacationers
12.61,Five,The Third Wave: An Entrepreneur’s Vision of the Future
17.44,Four,The Stranger
33.14,One,The Shadow Hero (The Shadow Hero)
27.37,Four,The Secret (The Secret #1)
51.36,Five,The Regional Office Is Under Attack!
36.0,Two,The Psychopath Test: A Journey Through the Madness Industry
10.65,One,The Project
43.54,Two,The Power of Now: A Guide to Spiritual Enlightenment
38.21,Two,The Omnivore's Dilemma: A Natural History of Four Meals
37.34,Five,The Nerdy Nummies Cookbook: Sweet Treats for the Geek in All of Us
44.1,Four,The Murder of Roger Ackroyd (Hercule Poirot #4)
43.29,Three,The Mistake (Off-Campus #2)
55.85,One,The Matchmaker's Playbook (Wingmen Inc. #1)
37.6,Two,The Love and Lemons Cookbook: An Apple-to-Zucchini Celebration of Impromptu Cooking
10.97,One,The Long Shadow of Small Ghosts: Murder and Memory in an American City
41.82,Four,The Kite Runner
36.95,One,The House by the Lake
44.28,One,The Glittering Court (The Glittering Court #1)
55.02,Two,The Girl on the Train
17.24,One,The Genius of Birds
23.15,Two,The Emerald Mystery
41.25,One,The Cookies & Cups Cookbook: 125+ sweet & savory recipes reminding you to Always Eat Dessert First
32.0,Three,The Bridge to Consciousness: I'm Writing the Bridge Between Science and Our Old and New Beliefs.
38.49,Five,The Artist's Way: A Spiritual Path to Higher Creativity
33.34,Five,The Art of War
10.93,Two,The Argonauts
27.55,Three,The 10% Entrepreneur: Live Your Startup Dream Without Quitting Your Day Job
55.99,Two,Suddenly in Love (Lake Haven #1)
16.24,Four,Something More Than This
26.12,Two,Soft Apocalypse
12.23,Two,So You've Been Publicly Shamed
23.99,Two,Shoe Dog: A Memoir by the Creator of NIKE
29.06,Three,"Shobu Samurai, Project Aryoku (#3)"
20.27,One,Secrets and Lace (Fatal Hearts #1)
43.55,Five,Scarlett Epstein Hates It Here
36.94,One,Romero and Juliet: A Tragic Tale of Love and Zombies
20.47,Five,Redeeming Love
41.06,One,Poses for Artists Volume 1 - Dynamic and Sitting Poses: An Essential Reference for Figure Drawing and the Human Form
14.19,Four,Poems That Make Grown Women Cry
38.28,One,"Nightingale, Sing"
41.05,One,Night Sky with Exit Wounds
30.25,Five,Mrs. Houdini
28.26,Five,Modern Romance
10.76,One,Miss Peregrine’s Home for Peculiar Children (Miss Peregrine’s Peculiar Children #1)
16.85,Two,Louisa: The Extraordinary Life of Mrs. Adams
13.47,Three,Little Red
48.56,Five,Library of Souls (Miss Peregrine’s Peculiar Children #3)
19.15,Two,Large Print Heart of the Pride
57.36,Four,I Had a Nice Time And Other Lies...: How to find love & sh*t like that
42.98,One,Hollow City (Miss Peregrine’s Peculiar Children #2)
22.16,Two,Grumbles
49.43,Four,Full Moon over Noah’s Ark: An Odyssey to Mount Ararat and Beyond
29.99,Five,Frostbite (Vampire Academy #2)
21.36,One,Follow You Home
29.0,One,First Steps for New Christians (Print Edition)
53.53,Five,Finders Keepers (Bill Hodges Trilogy #2)
41.62,Four,"Fables, Vol. 1: Legends in Exile (Fables #1)"
54.59,Four,Eureka Trivia 6.0
34.95,Four,Drive: The Surprising Truth About What Motivates Us
37.72,Five,Done Rubbed Out (Reightman & Bailey #1)
35.61,Three,Doing It Over (Most Likely To #1)
42.16,Three,"Deliciously Ella Every Day: Quick and Easy Recipes for Gluten-Free Snacks, Packed Lunches, and Simple Meals"
19.19,Five,Dark Notes
19.43,Three,"Daring Greatly: How the Courage to Be Vulnerable Transforms the Way We Live, Love, Parent, and Lead"
49.46,Four,Close to You
37.8,Two,Chasing Heaven: What Dying Taught Me About Living
30.8,Three,Big Magic: Creative Living Beyond Fear
27.43,Two,Becoming Wise: An Inquiry into the Mystery and Art of Living
11.11,Two,Beauty Restored (Riley Family Legacy Novellas #3)
36.5,Two,Batman: The Long Halloween (Batman)
15.38,Five,Batman: The Dark Knight Returns (Batman)
15.48,Two,Ayumi's Violin
46.82,Four,Anonymous
18.46,Three,Amy Meets the Saints and Sages
36.58,One,Amid the Chaos
50.54,Five,Amatus
12.51,Five,Agnostic: A Spirited Manifesto
24.7,Three,Zealot: The Life and Times of Jesus of Nazareth
43.61,Five,You (You #1)
37.34,Four,"Wonder Woman: Earth One, Volume One (Wonder Woman: Earth One #1)"
14.36,Two,Wild Swans
52.65,Four,Why the Right Went Wrong: Conservatism--From Goldwater to the Tea Party and Beyond
38.2,Four,Whole Lotta Creativity Going On: 60 Fun and Unusual Exercises to Awaken and Strengthen Your Creativity
19.6,Two,What's It Like in Space?: Stories from Astronauts Who've Been There
53.9,One,"We Are Robin, Vol. 1: The Vigilante Business (We Are Robin #1)"
12.96,Five,Walt Disney's Alice in Wonderland
37.1,Four,V for Vendetta (V for Vendetta Complete)
46.31,Two,Until Friday Night (The Field Party #1)
45.95,Two,"Unbroken: A World War II Story of Survival, Resilience, and Redemption"
22.08,Two,Twenty Yawns
25.38,Two,Through the Woods
27.12,Two,This Is Where It Ends
43.04,Two,The Year of Magical Thinking
56.8,Four,The Wright Brothers
25.91,Five,The White Queen (The Cousins' War #1)
32.61,Three,The Wedding Pact (The O'Malleys #2)
27.88,Five,The Time Keeper
52.67,Four,The Testament of Mary
46.02,Five,The Star-Touched Queen
44.48,Five,The Songs of the Gods
37.4,Five,The Song of Achilles
54.04,One,The Rosie Project (Don Tillman #1)
16.88,Three,The Power of Habit: Why We Do What We Do in Life and Business
28.08,Four,The Marriage of Opposites
10.4,One,The Lucifer Effect: Understanding How Good People Turn Evil
44.07,One,The Long Haul (Diary of a Wimpy Kid #9)
23.4,One,The Loney
17.43,Three,The Literature Book (Big Ideas Simply Explained)
54.21,Two,The Last Mile (Amos Decker #2)
40.67,Two,The Immortal Life of Henrietta Lacks
52.26,Two,The Hidden Oracle (The Trials of Apollo #1)
28.77,Three,The Help Yourself Cookbook for Kids: 60 Easy Plant-Based Recipes Kids Can Make to Stay Healthy and Save the Earth
13.82,Two,The Guilty (Will Robie #4)
25.85,Three,The First Hostage (J.B. Collins #2)
48.78,One,The Dovekeepers
35.35,Five,The Darkest Lie
44.73,Four,The Bane Chronicles (The Bane Chronicles #1-11)
15.77,One,The Bad-Ass Librarians of Timbuktu: And Their Race to Save the World’s Most Precious Manuscripts
39.24,One,The 14th Colony (Cotton Malone #11)
13.92,One,That Darkness (Gardiner and Renner #1)
10.69,One,Tastes Like Fear (DI Marnie Rome #3)
45.21,Three,Take Me with You
45.58,One,Swell: A Year of Waves
11.89,Five,Superman Vol. 1: Before Truth (Superman by Gene Luen Yang #1)
26.41,Three,Still Life with Bread Crumbs
39.5,Five,Steve Jobs
44.74,Four,Sorting the Beef from the Bull: The Science of Food Fraud Forensics
52.79,Five,Someone Like You (The Harrisons #2)
35.43,Four,"So Cute It Hurts!!, Vol. 6 (So Cute It Hurts!! #6)"
55.84,Four,Shtum
48.87,Three,See America: A Celebration of Our National Parks & Treasured Sites
46.78,Four,salt.
47.82,Three,Robin War
25.48,Two,"Red Hood/Arsenal, Vol. 1: Open for Business (Red Hood/Arsenal #1)"
23.57,Three,Rain Fish
50.89,Five,"Quarter Life Poetry: Poems for the Young, Broke and Hangry"
10.56,Three,Pet Sematary
52.15,Three,"Overload: How to Unplug, Unwind, and Unleash Yourself from the Pressure of Stress"
18.28,Two,Once Was a Time
11.83,Five,Old School (Diary of a Wimpy Kid #10)
21.95,Two,No Dream Is Too High: Life Lessons From a Man Who Walked on the Moon
38.39,Two,"Naruto (3-in-1 Edition), Vol. 14: Includes Vols. 40, 41 & 42 (Naruto: Omnibus #14)"
41.56,One,My Name Is Lucy Barton
24.48,Three,My Mrs. Brown
40.36,One,My Kind of Crazy
28.9,One,Mr. Mercedes (Bill Hodges Trilogy #1)
37.61,Two,More Than Music (Chasing the Dream #1)
38.85,Five,Made to Stick: Why Some Ideas Survive and Others Die
53.95,Three,Luis Paints the World
49.83,Three,Luckiest Girl Alive
51.51,Two,Lowriders to the Center of the Earth (Lowriders in Space #2)
18.03,One,Love Is a Mix Tape (Music #1)
29.14,Five,Looking for Lovely: Collecting the Moments that Matter
46.91,Four,"Living Leadership by Insight: A Good Leader Achieves, a Great Leader Builds Monuments"
26.79,Five,Let It Out: A Journey Through Journaling
16.28,Five,Lady Midnight (The Dark Artifices #1)
19.55,One,"It's All Easy: Healthy, Delicious Weeknight Meals in under 30 Minutes"
29.65,One,Island of Dragons (Unwanteds #7)
25.98,Four,I Know What I'm Doing -- and Other Lies I Tell Myself: Dispatches from a Life Under Construction
10.6,Four,I Am Pilgrim (Pilgrim #1)
14.75,Five,"Hyperbole and a Half: Unfortunate Situations, Flawed Coping Mechanisms, Mayhem, and Other Things That Happened"
47.02,Three,"Hush, Hush (Hush, Hush #1)"
28.82,One,Hold Your Breath (Search and Rescue #1)
58.79,Three,Hamilton: The Revolution
10.23,Five,Greek Mythic History
30.03,Five,God: The Most Unpleasant Character in All Fiction
45.84,Three,Glory over Everything: Beyond The Kitchen House
49.05,Three,Feathers: Displays of Brilliant Plumage
15.06,Four,"Far & Away: Places on the Brink of Change: Seven Continents, Twenty-Five Years"
46.47,Three,Every Last Word
27.09,Three,Eligible (The Austen Project #4)
57.62,Five,El Deafo
14.39,Four,Eight Hundred Grapes
51.75,Five,"Eaternity: More than 150 Deliciously Easy Vegan Recipes for a Long, Healthy, Satisfied, Joyful Life"
54.07,Two,"Eat Fat, Get Thin"
55.35,One,Don't Get Caught
40.12,Two,Doctor Sleep (The Shining #2)
37.51,Five,Demigods & Magicians: Percy and Annabeth Meet the Kanes (Percy Jackson & Kane Chronicles Crossover #1-3)
11.21,Five,Dear Mr. Knightley
36.58,One,Daily Fantasy Sports
47.72,Two,Crazy Love: Overwhelmed by a Relentless God
25.01,Three,Cometh the Hour (The Clifton Chronicles #6)
22.13,Four,Code Name Verity (Code Name Verity #1)
44.14,One,Clockwork Angel (The Infernal Devices #1)
56.02,Four,City of Glass (The Mortal Instruments #3)
11.23,Four,City of Fallen Angels (The Mortal Instruments #4)
43.28,One,City of Bones (The Mortal Instruments #1)
47.27,One,City of Ashes (The Mortal Instruments #2)
20.29,Four,Cell
50.83,Three,Catching Jordan (Hundred Oaks)
31.85,Three,"Carry On, Warrior: Thoughts on Life Unarmed"
46.23,Two,Carrie
37.8,Four,Buying In: The Secret Dialogue Between What We Buy and Who We Are
49.32,Five,Brain on Fire: My Month of Madness
32.01,Two,Batman: Europa
28.01,One,Barefoot Contessa Back to Basics
50.62,Five,Barefoot Contessa at Home: Everyday Recipes You'll Make Over and Over Again
17.03,Three,Balloon Animals
48.8,Three,Art Ops Vol. 1
58.14,Four,Aristotle and Dante Discover the Secrets of the Universe (Aristotle and Dante Discover the Secrets of the Universe #1)
34.2,Two,Angels Walking (Angels Walking #1)
51.48,Three,Angels & Demons (Robert Langdon #1)
29.87,Five,All the Light We Cannot See
10.9,Two,"Adulthood Is a Myth: A ""Sarah's Scribbles"" Collection"
56.37,Five,Abstract City
48.35,Five,A Time of Torment (Charlie Parker #14)
16.73,Two,A Study in Scarlet (Sherlock Holmes #1)
56.48,Two,"A Series of Catastrophes and Miracles: A True Story of Love, Science, and Cancer"
40.79,Two,A People's History of the United States
39.72,One,A Man Called Ove
14.58,Three,A Distant Mirror: The Calamitous 14th Century
55.51,One,A Brush of Wings (Angels Walking #3)
21.8,Three,1491: New Revelations of the Americas Before Columbus
13.33,Three,"The Three Searches, Meaning, and the Story"
38.73,One,Searching for Meaning in Gailana
37.86,Four,Rook
11.53,Two,My Kitchen Year: 136 Recipes That Saved My Life
27.06,One,13 Hours: The Inside Account of What Really Happened In Benghazi
13.86,Three,Will You Won't You Want Me?
37.55,One,Tipping Point for Planet Earth: How Close Are We to the Edge?
46.29,Five,The Silent Sister (Riley MacPherson #1)
26.2,One,The Midnight Watch: A Novel of the Titanic and the Californian
33.26,Two,The Lonely City: Adventures in the Art of Being Alone
59.15,Four,The Gray Rhino: How to Recognize and Act on the Obvious Dangers We Ignore
39.43,One,The Golden Condom: And Other Essays on Love Lost and Found
14.44,Five,The Epidemic (The Program 0.6)
56.54,Two,The Dinner Party
59.9,Three,The Diary of a Young Girl
11.88,Three,The Children
48.05,Two,Stars Above (The Lunar Chronicles #4.5)
21.21,Three,Snatched: How A Drug Queen Went Undercover for the DEA and Was Kidnapped By Colombian Guerillas
49.67,Four,Raspberry Pi Electronics Projects for the Evil Genius
43.14,One,Quench Your Own Thirst: Business Lessons Learned Over a Beer or Two
36.97,Five,Psycho: Sanitarium (Psycho #1.5)
26.8,Three,Poisonous (Max Revere Novels #3)
15.71,Four,One with You (Crossfire #5)
54.65,Four,No Love Allowed (Dodge Cove #1)
54.36,Four,Murder at the 42nd Street Library (Raymond Ambler #1)
35.28,Three,Most Wanted
20.55,Two,"Love, Lies and Spies"
58.32,Five,How to Speak Golf: An Illustrated Guide to Links Lingo
11.84,One,Hide Away (Eve Duncan #20)
41.46,Four,Furiously Happy: A Funny Book About Horrible Things
20.1,Five,Everyday Italian: 125 Simple and Delicious Recipes
56.86,One,Equal Is Unfair: America's Misguided Fight Against Income Inequality
56.51,Five,Eleanor & Park
40.83,Four,Dirty (Dive Bar #1)
48.64,One,Can You Keep a Secret? (Fear Street Relaunch #4)
59.48,Three,Boar Island (Anna Pigeon #19)
39.01,Four,A Paris Apartment
38.77,One,"A la Mode: 120 Recipes in 60 Pairings: Pies, Tarts, Cakes, Crisps, and More Topped with Ice Cream, Gelato, Frozen Custard, and More"
48.39,Two,Troublemaker: Surviving Hollywood and Scientology
27.26,Two,The Widow
11.68,Four,"The Sleep Revolution: Transforming Your Life, One Night at a Time"
59.45,One,The Improbability of Love
21.0,Three,The Art of Startup Fundraising
53.98,Three,Take Me Home Tonight (Rock Star Romance #3)
48.74,One,Sleeping Giants (Themis Files #1)
21.15,Two,"Setting the World on Fire: The Brief, Astonishing Life of St. Catherine of Siena"
13.71,Three,Playing with Fire
47.67,Three,Off the Hook (Fishing for Trouble #1)
13.34,Two,Mothering Sunday
16.89,Five,"Mother, Can You Not?"
27.18,One,M Train
17.28,Two,Lilac Girls
45.14,One,Lies and Other Acts of Love
40.85,One,Lab Girl
20.46,Four,Keep Me Posted
56.27,Three,It Didn't Start with You: How Inherited Family Trauma Shapes Who We Are and How to End the Cycle
48.49,Four,Grey (Fifty Shades #4)
51.34,Four,"Exit, Pursued by a Bear"
16.34,Three,Daredevils
20.5,Three,Cravings: Recipes for What You Want to Eat
21.59,Five,Born for This: How to Find the Work You Were Meant to Do
21.36,Four,Arena
20.88,Five,Adultery
19.53,Three,A Mother's Reckoning: Living in the Aftermath of Tragedy
14.75,Five,A Gentleman's Position (Society of Gentlemen #3)
48.48,Three,11/22/63
24.57,Two,"10% Happier: How I Tamed the Voice in My Head, Reduced Stress Without Losing My Edge, and Found Self-Help That Actually Works"
49.71,Five,10-Day Green Smoothie Cleanse: Lose Up to 15 Pounds in 10 Days!
48.27,Five,Without Shame
58.05,Four,Watchmen
58.87,Four,Unlimited Intuition Now
11.82,Two,Underlying Notes
28.03,One,The Shack
44.05,Five,The New Brand You: Your New Image Makes the Sale for You
12.34,Four,"The Moosewood Cookbook: Recipes from Moosewood Restaurant, Ithaca, New York"
16.68,Two,The Flowers Lied
55.91,One,"The Fabric of the Cosmos: Space, Time, and the Texture of Reality"
24.57,Three,The Book of Mormon
52.98,Five,The Art and Science of Low Carbohydrate Living
54.4,One,The Alien Club
54.81,Five,Suzie Snowflake: One beautiful flake (a self-esteem story)
25.08,One,Nap-a-Roo
10.41,Four,"NaNo What Now? Finding your editing process, revising your NaNoWriMo book and building a writing career through publishing and beyond"
47.44,Two,Modern Day Fables
20.91,One,If I Gave You God's Phone Number....: Searching for Spirituality in America
33.95,Four,"Fruits Basket, Vol. 9 (Fruits Basket #9)"
43.68,Three,Dress Your Family in Corduroy and Denim
33.23,One,Don't Forget Steven
35.92,Two,Chernobyl 01:23:40: The Incredible True Story of the World's Worst Nuclear Disaster
48.63,Four,Art and Fear: Observations on the Perils (and Rewards) of Artmaking
56.63,Three,A Shard of Ice (The Black Symphony Saga #1)
50.49,Three,A Hero's Curse (The Unseen Chronicles #1)
35.79,Two,23 Degrees South: A Tropical Tale of Changing Whether...
34.06,Three,"Zero to One: Notes on Startups, or How to Build the Future"
17.76,One,Why Not Me?
39.36,Two,When Breath Becomes Air
36.94,Two,Vagabonding: An Uncommon Guide to the Art of Long-Term World Travel
43.62,Five,The Unlikely Pilgrimage of Harold Fry (Harold Fry #1)
43.02,Three,The New Drawing on the Right Side of the Brain
28.45,Four,"The Midnight Assassin: Panic, Scandal, and the Hunt for America's First Serial Killer"
41.39,Two,The Martian (The Martian #1)
51.15,One,The High Mountains of Portugal
35.88,One,The Grownup
36.91,One,The E-Myth Revisited: Why Most Small Businesses Don't Work and What to Do About It
28.93,One,South of Sunshine
38.89,Five,Smarter Faster Better: The Secrets of Being Productive in Life and Business
58.33,Three,Silence in the Dark (Logan Point #4)
39.67,Five,Shadows of the Past (Logan Point #1)
14.1,Five,Roller Girl
21.82,Three,Rising Strong
54.21,One,Proofs of God: Classical Arguments from Tertullian to Barth
31.19,Four,Please Kill Me: The Uncensored Oral History of Punk
53.64,Five,Out of Print: City Lights Spotlight No. 14
36.39,Five,My Life Next Door (My Life Next Door )
58.54,Two,Miller's Valley
29.48,Three,Man's Search for Meaning
25.06,Two,"Love That Boy: What Two Presidents, Eight Road Trips, and My Son Taught Me About a Parent's Expectations"
12.55,Three,Living Forward: A Proven Plan to Stop Drifting and Get the Life You Want
29.04,Five,Les Fleurs du Mal
40.72,Two,Left Behind (Left Behind #1)
45.05,Five,Kill 'Em and Leave: Searching for James Brown and the American Soul
47.13,One,Kierkegaard: A Christian Missionary to Christians
20.22,Four,John Vassos: Industrial Design for Modern Life
56.48,One,I'll Give You the Sun
44.21,One,I Will Find You
21.96,Four,Hystopia: A Novel
40.45,Two,Howl and Other Poems
10.29,Four,History of Beauty
52.86,Two,Heaven is for Real: A Little Boy's Astounding Story of His Trip to Heaven and Back
55.65,Five,Future Shock (Future Shock #1)
43.64,One,Ender's Game (The Ender Quintet #1)
28.41,One,Diary of a Citizen Scientist: Chasing Tiger Beetles and Other New Ways of Engaging the World
37.51,Four,Death by Leisure: A Cautionary Tale
11.45,Three,Brilliant Beacons: A History of the American Lighthouse
19.22,Two,Brazen: The Courage to Find the You That's Been Hiding
56.91,Four,Between the World and Me
55.06,Four,Being Mortal: Medicine and What Matters in the End
13.2,Three,"A Murder Over a Girl: Justice, Gender, Junior High"
53.63,Two,32 Yolks
44.48,Five,"""Most Blessed of the Patriarchs"": Thomas Jefferson and the Empire of the Imagination"
12.08,Three,You Are a Badass: How to Stop Doubting Your Greatness and Start Living an Awesome Life
22.14,Two,Wildlife of New York: A Five-Borough Coloring Book
25.37,Five,What Happened on Beale Street (Secrets of the South Mysteries #2)
46.33,Two,Unreasonable Hope: Finding Faith in the God Who Brings Purpose to Your Pain
37.33,Three,Under the Tuscan Sun
25.55,One,Toddlers Are A**holes: It's Not Your Fault
34.72,One,The Year of Living Biblically: One Man's Humble Quest to Follow the Bible as Literally as Possible
35.96,Four,The Whale
41.14,Four,The Story of Art
10.01,Four,The Origin of Species
36.05,Four,The Great Gatsby
49.03,Three,The Good Girl
16.24,One,The Glass Castle
39.55,One,The Faith of Christopher Hitchens: The Restless Soul of the World's Most Notorious Atheist
35.67,Three,The Drowning Girls
16.62,Three,The Constant Princess (The Tudor Court #1)
42.78,Four,The Bourne Identity (Jason Bourne #1)
52.3,Five,The Bachelor Girl's Guide to Murder (Herringford and Watts Mysteries #1)
32.34,Two,The Art Book
33.17,Four,The 7 Habits of Highly Effective People: Powerful Lessons in Personal Change
20.12,Five,Team of Rivals: The Political Genius of Abraham Lincoln
20.9,Two,Steal Like an Artist: 10 Things Nobody Told You About Being Creative
20.9,Three,"Sit, Stay, Love"
40.2,Four,Sister Dear
52.87,Three,"Shrunken Treasures: Literary Classics, Short, Sweet, and Silly"
51.74,One,"Rich Dad, Poor Dad"
34.41,Two,Raymie Nightingale
32.38,One,Playing from the Heart
50.35,Four,Nightstruck: A Novel
11.38,Five,"Naturally Lean: 125 Nourishing Gluten-Free, Plant-Based Recipes--All Under 300 Calories"
43.58,Three,Meternity
49.67,Three,Memoirs of a Geisha
28.77,Two,Like Never Before (Walker Family #2)
13.22,Four,Life of Pi
51.17,Five,Leave This Song Behind: Teen Poetry at Its Best
39.61,Five,King's Folly (The Kinsman Chronicles #1)
57.43,Four,John Adams
46.01,Four,How to Cook Everything Vegetarian: Simple Meatless Recipes for Great Food (How to Cook Everything)
28.25,Two,How to Be a Domestic Goddess: Baking and the Art of Comfort Cooking
37.05,Five,Good in Bed (Cannie Shapiro #1)
19.57,One,"Fruits Basket, Vol. 7 (Fruits Basket #7)"
45.13,Three,For the Love: Fighting for Grace in a World of Impossible Standards
46.64,Two,Finding God in the Ruins: How God Redeems Pain
12.16,Five,Every Heart a Doorway (Every Heart A Doorway #1)
20.89,Four,Delivering the Truth (Quaker Midwife Mystery #1)
17.97,Five,Counted With the Stars (Out from Egypt #1)
52.6,Two,"Chronicles, Vol. 1"
25.77,One,Blue Like Jazz: Nonreligious Thoughts on Christian Spirituality
48.19,Three,Benjamin Franklin: An American Life
29.93,Five,"At The Existentialist Café: Freedom, Being, and apricot cocktails with: Jean-Paul Sartre, Simone de Beauvoir, Albert Camus, Martin Heidegger, Edmund Husserl, Karl Jaspers, Maurice Merleau-Ponty and others"
44.34,Two,A Summer In Europe
52.4,Five,A Short History of Nearly Everything
44.81,Four,A Gathering of Shadows (Shades of Magic #2)
57.84,Five,The Sound Of Love
39.67,Two,The Rise and Fall of the Third Reich: A History of Nazi Germany
55.02,Three,The Perks of Being a Wallflower
24.8,Four,The Mysterious Affair at Styles (Hercule Poirot #1)
59.45,Four,The Man Who Mistook His Wife for a Hat and Other Clinical Tales
31.58,Two,The Makings of a Fatherless Child
43.27,Four,The Joy of Cooking
37.34,One,The Invention of Wings
17.8,Five,The Hobbit (Middle-Earth Universe)
30.54,One,The Great Railway Bazaar
18.77,One,The Golden Compass (His Dark Materials #1)
46.85,Three,The God Delusion
15.79,One,The Girl You Left Behind (The Girl You Left Behind #1)
10.27,Two,The Fellowship of the Ring (The Lord of the Rings #1)
15.42,Five,The Collected Poems of W.B. Yeats (The Collected Works of W.B. Yeats #1)
59.92,Five,The Barefoot Contessa Cookbook
50.96,Two,Tell the Wolves I'm Home
30.6,Three,Ship Leaves Harbor: Essays on Travel by a Recovering Journeyman
19.27,Four,Pride and Prejudice
46.58,One,Musicophilia: Tales of Music and the Brain
48.51,Three,Mere Christianity
19.02,One,Me Before You (Me Before You #1)
38.38,Two,In the Woods (Dublin Murder Squad #1)
49.98,Four,In Cold Blood
46.49,Five,How to Stop Worrying and Start Living
18.32,Two,Give It Back
42.14,Three,"Girl, Interrupted"
56.59,Four,Fun Home: A Family Tragicomic
20.96,Four,"Fruits Basket, Vol. 6 (Fruits Basket #6)"
40.32,Four,Deception Point
36.39,Three,"Death Note, Vol. 6: Give-and-Take (Death Note #6)"
58.55,Four,Catherine the Great: Portrait of a Woman
39.61,Three,Better Homes and Gardens New Cook Book
21.3,Three,An Unquiet Mind: A Memoir of Moods and Madness
56.88,Four,A Year in Provence (Provence #1)
32.97,Four,World Without End (The Pillars of the Earth #2)
47.31,Four,"Will Grayson, Will Grayson (Will Grayson, Will Grayson)"
48.67,Two,Why Save the Bankers?: And Other Essays on Our Economic and Political Crisis
41.73,Four,Where She Went (If I Stay #2)
53.68,Four,What If?: Serious Scientific Answers to Absurd Hypothetical Questions
14.64,One,Two Summers
38.4,One,This Is Your Brain on Music: The Science of a Human Obsession
15.08,Four,The Secret Garden
30.57,Two,The Raven King (The Raven Cycle #4)
57.74,Four,The Raven Boys (The Raven Cycle #1)
11.05,Five,The Power Greens Cookbook: 140 Delicious Superfood Recipes
28.58,One,The Metamorphosis
42.91,Five,The Mathews Men: Seven Brothers and the War Against Hitler's U-boats
24.73,Three,The Little Paris Bookshop
55.91,Four,The Hiding Place
13.76,Three,The Grand Design
45.56,Three,The Firm
47.22,One,The Fault in Our Stars
56.0,Five,The False Prince (The Ascendance Trilogy #1)
44.58,Two,The Expatriates
34.5,One,The Dream Thieves (The Raven Cycle #2)
11.33,Five,The Darkest Corners
38.77,Four,The Crossover
11.83,Two,The 5th Wave (The 5th Wave #1)
45.51,Three,Tell the Wind and Fire
41.81,One,Tell Me Three Things
25.15,Four,Talking to Girls About Duran Duran: One Young Man's Quest for True Love and a Cooler Haircut
34.22,Five,Siddhartha
16.23,Five,Shiver (The Wolves of Mercy Falls #1)
11.48,Three,Remember Me?
23.37,Three,Red Dragon (Hannibal Lecter #1)
16.28,Two,Peak: Secrets from the New Science of Expertise
31.63,Four,My Mother Was Nuts
24.91,Five,Mexican Today: New and Rediscovered Recipes for Contemporary Kitchens
22.54,One,Maybe Something Beautiful: How Art Transformed a Neighborhood
23.63,Four,Lola and the Boy Next Door (Anna and the French Kiss #2)
13.12,Two,Logan Kade (Fallen Crest High #5.5)
59.98,Three,Last One Home (New Beginnings #1)
31.49,Four,Killing Floor (Jack Reacher #1)
15.52,Five,Kill the Boy Band
48.13,Five,Isla and the Happily Ever After (Anna and the French Kiss #3)
38.13,Five,If I Stay (If I Stay #1)
36.55,Two,I Know Why the Caged Bird Sings (Maya Angelou's Autobiography #1)
23.32,One,Harry Potter and the Deathly Hallows (Harry Potter #7)
16.33,One,"Fruits Basket, Vol. 5 (Fruits Basket #5)"
32.42,One,Foundation (Foundation (Publication Order) #1)
16.96,One,Fool Me Once
22.37,One,Find Her (Detective D.D. Warren #8)
42.27,One,Evicted: Poverty and Profit in the American City
38.7,Two,Drama
35.63,Five,Dracula the Un-Dead
58.0,Five,Digital Fortress
52.41,One,"Death Note, Vol. 5: Whiteout (Death Note #5)"
32.35,Three,"Data, A Love Story: How I Gamed Online Dating to Meet My Match"
20.75,One,Critique of Pure Reason
17.49,Five,Booked
34.13,Five,"Blue Lily, Lily Blue (The Raven Cycle #3)"
58.81,Five,Approval Junkie: Adventures in Caring Too Much
10.0,Five,An Abundance of Katherines
51.22,Two,America's War for the Greater Middle East: A Military History
58.59,Four,Alight (The Generations Trilogy #2)
31.3,One,A Girl's Guide to Moving On (New Beginnings #2)
46.42,Two,A Game of Thrones (A Song of Ice and Fire #1)
17.21,Four,A Feast for Crows (A Song of Ice and Fire #4)
10.79,Three,A Clash of Kings (A Song of Ice and Fire #2)
52.35,Four,Vogue Colors A to Z: A Fashion Coloring Book
27.88,Three,The Shining (The Shining #1)
50.26,Two,The Pilgrim's Progress
59.99,Three,The Perfect Play (Play by Play #1)
28.32,Five,The Passion of Dolssa
38.71,Three,The Jazz of Physics: The Secret Link Between Music and the Structure of the Universe
29.85,Five,The Hunger Games (The Hunger Games #1)
14.82,Two,The Hound of the Baskervilles (Sherlock Holmes #5)
16.81,Four,The Gunning of America: Business and the Making of American Gun Culture
28.23,Two,The Geography of Bliss: One Grump's Search for the Happiest Places in the World
52.11,Two,The Demonists (Demonist #1)
27.88,Two,"The Demon Prince of Momochi House, Vol. 4 (The Demon Prince of Momochi House #4)"
59.71,Three,The Bone Hunters (Lexy Vaughan & Steven Macaulay #2)
46.08,Five,The Beast (Black Dagger Brotherhood #14)
13.73,Five,Some Women
48.39,Five,Shopaholic Ties the Knot (Shopaholic #3)
49.45,Five,Paper and Fire (The Great Library #2)
19.67,Five,Outlander (Outlander #1)
12.36,Three,"Orchestra of Exiles: The Story of Bronislaw Huberman, the Israel Philharmonic, and the One Thousand Jews He Saved from Nazi Horrors"
20.02,Five,No One Here Gets Out Alive
12.75,Four,Night Shift (Night Shift #1-20)
47.51,Four,Needful Things
20.44,Four,Mockingjay (The Hunger Games #3)
34.79,Two,Misery
28.07,Four,Little Women (Little Women #1)
25.01,Three,It
13.9,Three,Harry Potter and the Sorcerer's Stone (Harry Potter #1)
24.17,Four,Harry Potter and the Prisoner of Azkaban (Harry Potter #3)
31.63,Four,Harry Potter and the Order of the Phoenix (Harry Potter #5)
48.75,Five,Harry Potter and the Half-Blood Prince (Harry Potter #6)
14.74,One,Harry Potter and the Chamber of Secrets (Harry Potter #2)
32.49,Three,Gone with the Wind
27.8,One,God Is Not Great: How Religion Poisons Everything
26.77,One,Girl With a Pearl Earring
50.44,Four,"Fruits Basket, Vol. 4 (Fruits Basket #4)"
34.93,Two,Far From True (Promise Falls Trilogy #2)
12.87,One,Dark Lover (Black Dagger Brotherhood #1)
48.94,Two,Confessions of a Shopaholic (Shopaholic #1)
13.38,Three,Changing the Game (Play by Play #2)
58.63,Three,Candide
21.94,One,Can You Keep a Secret?
26.58,Five,Atlas Shrugged
57.22,Three,Animal Farm
56.43,One,A Walk to Remember
55.65,Five,A New Earth: Awakening to Your Life's Purpose
27.62,One,"A History of God: The 4,000-Year Quest of Judaism, Christianity, and Islam"
49.56,Four,'Salem's Lot
34.77,One,Zero History (Blue Ant #3)
17.73,Three,Wuthering Heights
21.8,One,World War Z: An Oral History of the Zombie War
46.02,Three,Wild: From Lost to Found on the Pacific Crest Trail
18.13,One,"Where'd You Go, Bernadette"
30.89,Five,When You Are Engulfed in Flames
31.95,Three,We the People: The Modern-Day Figures Who Have Reshaped and Affirmed the Founding Fathers' Vision of America
24.04,One,We Are All Completely Beside Ourselves
32.36,Three,Walk the Edge (Thunder Road #2)
21.07,Five,Voyager (Outlander #3)
50.66,Three,Very Good Lives: The Fringe Benefits of Failure and the Importance of Imagination
13.66,Two,Vegan Vegetarian Omnivore: Dinner for Everyone at the Table
58.09,One,"Unstuffed: Decluttering Your Home, Mind, and Soul"
30.0,One,Under the Banner of Heaven: A Story of Violent Faith
32.74,Two,Two Boys Kissing
41.93,Two,Twilight (Twilight #1)
42.8,Two,Twenties Girl
53.51,One,"Trespassing Across America: One Man's Epic, Never-Done-Before (and Sort of Illegal) Hike Across the Heartland"
23.21,Three,Three-Martini Lunch
21.14,One,"Thinking, Fast and Slow"
56.07,Three,The Wild Robot
14.41,Three,"The Wicked + The Divine, Vol. 3: Commercial Suicide (The Wicked + The Divine)"
45.75,Four,The Undomestic Goddess
15.77,One,The Travelers
10.02,Two,The Tipping Point: How Little Things Can Make a Big Difference
48.77,One,The Thing About Jellyfish
57.86,Two,The Stand
23.59,One,The Smitten Kitchen Cookbook
23.05,Five,The Silkworm (Cormoran Strike #2)
55.55,Five,"The Sandman, Vol. 3: Dream Country (The Sandman (volumes) #3)"
58.64,Four,The Rose & the Dagger (The Wrath and the Dawn #2)
23.21,One,The Road to Little Dribbling: Adventures of an American in Britain (Notes From a Small Island #2)
42.57,Three,The Rise of Theodore Roosevelt (Theodore Roosevelt #1)
10.92,One,The Restaurant at the End of the Universe (Hitchhiker's Guide to the Galaxy #2)
34.77,One,The Rest Is Noise: Listening to the Twentieth Century
35.66,Five,The Red Tent
37.19,Three,The Purpose Driven Life: What on Earth Am I Here for?
12.25,One,The Purest Hook (Second Circle Tattoos #3)
29.7,Two,The Picture of Dorian Gray
36.8,Three,The Paris Wife
45.43,One,The Obsession
26.26,Four,The Nightingale
44.92,Three,The New Guy (and Other Senior Year Distractions)
52.53,Five,The Nanny Diaries (Nanny #1)
37.25,Two,The Name of God is Mercy
20.93,One,The Maze Runner (The Maze Runner #1)
58.09,Two,The Lover's Dictionary
43.59,Five,The Lonely Ones
33.92,Three,The Lean Startup: How Today's Entrepreneurs Use Continuous Innovation to Create Radically Successful Businesses
55.55,Two,The Last Painting of Sara de Vos
29.64,Four,"The Land of 10,000 Madonnas"
27.41,One,The Infinities
52.51,Five,The Husband's Secret
47.8,Three,The Hitchhiker's Guide to the Galaxy (Hitchhiker's Guide to the Galaxy #1)
14.54,Two,The Guns of August
49.53,One,The Guernsey Literary and Potato Peel Pie Society
43.58,Three,The Goldfinch
12.3,One,The Giver (The Giver Quartet #1)
49.47,Three,The Girl with All the Gifts
22.14,Two,The Girl Who Played with Fire (Millennium Trilogy #2)
57.48,One,The Girl Who Kicked the Hornet's Nest (Millennium Trilogy #3)
43.45,Three,The Exiled
22.13,Four,"The End of Faith: Religion, Terror, and the Future of Reason"
13.03,Four,"The Elegant Universe: Superstrings, Hidden Dimensions, and the Quest for the Ultimate Theory"
57.35,Five,"The Disappearing Spoon: And Other True Tales of Madness, Love, and the History of the World from the Periodic Table of the Elements"
44.29,One,The Devil Wears Prada (The Devil Wears Prada #1)
52.25,Four,The Demon-Haunted World: Science as a Candle in the Dark
26.33,Five,The Day the Crayons Came Home (Crayons)
22.96,Two,The Da Vinci Code (Robert Langdon #2)
19.21,One,The Cuckoo's Calling (Cormoran Strike #1)
26.78,Four,The Complete Stories and Poems (The Works of Edgar Allan Poe [Cameo Edition])
41.32,Five,The Complete Poems
24.55,One,The Catcher in the Rye
16.26,Two,The Cat in the Hat (Beginner Books B-1)
47.84,One,The Case for Christ (Cases for Christianity)
53.49,Two,The Book Thief
44.84,Five,The Book of Basketball: The NBA According to The Sports Guy
53.71,Five,The Blind Side: Evolution of a Game
23.43,Two,The Autobiography of Malcolm X
34.32,Three,"The Art of Simple Food: Notes, Lessons, and Recipes from a Delicious Revolution"
22.1,One,The Art of Fielding
25.83,Two,"Surely You're Joking, Mr. Feynman!: Adventures of a Curious Character"
36.74,Three,Stiff: The Curious Lives of Human Cadavers
49.51,One,Spilled Milk: Based on a True Story
48.96,Five,Something Borrowed (Darcy & Rachel #1)
54.62,One,Something Blue (Darcy & Rachel #2)
24.72,Two,Soldier (Talon #3)
46.45,Two,Shopaholic & Baby (Shopaholic #5)
52.33,Two,Seven Days in the Art World
30.6,Four,Seven Brief Lessons on Physics
14.57,Four,Scarlet (The Lunar Chronicles #2)
46.29,One,Sarah's Key
21.57,Five,"Saga, Volume 3 (Saga (Collected Editions) #3)"
12.91,Four,Running with Scissors
50.11,Three,Rogue Lawyer (Rogue Lawyer #1)
41.67,Four,"Rise of the Rocket Girls: The Women Who Propelled Us, from Missiles to the Moon to Mars"
44.88,Two,Rework
11.1,Three,Reservations for Two
28.54,Three,Red: The True Story of Red Riding Hood
19.07,Four,Ready Player One
43.55,One,Quiet: The Power of Introverts in a World That Can't Stop Talking
43.63,Three,Prodigy: The Graphic Novel (Legend: The Graphic Novel #2)
39.13,One,Persepolis: The Story of a Childhood (Persepolis #1-2)
56.68,Two,Packing for Mars: The Curious Science of Life in the Void
14.16,One,Outliers: The Story of Success
31.45,Three,Original Fake
24.61,Two,Orange Is the New Black
32.87,Two,One for the Money (Stephanie Plum #1)
40.17,One,Notes from a Small Island (Notes From a Small Island #1)
13.51,One,Night (The Night Trilogy #1)
38.95,Three,Neither Here nor There: Travels in Europe
31.69,Three,Naked
29.4,One,Morning Star (Red Rising #3)
57.83,One,"Miracles from Heaven: A Little Girl, Her Journey to Heaven, and Her Amazing Story of Healing"
55.46,Two,Midnight Riot (Peter Grant/ Rivers of London - books #1)
57.6,Two,Me Talk Pretty One Day
34.98,Two,Manuscript Found in Accra
11.87,Two,Lust & Wonder
12.47,Three,Lila (Gilead #3)
33.26,Two,"Life, the Universe and Everything (Hitchhiker's Guide to the Galaxy #3)"
59.04,Five,Life Without a Recipe
26.13,Two,Life After Life
22.2,One,Letter to a Christian Nation
45.11,One,Let's Pretend This Never Happened: A Mostly True Memoir
43.69,Four,Legend (Legend #1)
25.02,One,"Lean In: Women, Work, and the Will to Lead"
55.5,Five,"Lamb: The Gospel According to Biff, Christ's Childhood Pal"
53.04,Five,Lady Renegades (Rebel Belle #3)
44.97,One,Jurassic Park (Jurassic Park #1)
42.38,One,It's Never Too Late to Begin Again: Discovering Creativity and Meaning at Midlife and Beyond
20.11,Three,Is Everyone Hanging Out Without Me? (And Other Concerns)
56.7,Five,Into the Wild
41.0,Five,Inferno (Robert Langdon #4)
28.85,Three,"In the Garden of Beasts: Love, Terror, and an American Family in Hitler's Berlin"
49.97,Four,If I Run (If I Run #1)
19.69,One,I've Got Your Number
28.88,Two,I Am Malala: The Girl Who Stood Up for Education and Was Shot by the Taliban
33.14,Three,Hungry Girl Clean & Hungry: Easy All-Natural Recipes for Healthy Eating in the Real World
43.7,Two,"House of Lost Worlds: Dinosaurs, Dynasties, and the Story of Life on Earth"
54.89,One,House of Leaves
37.52,Two,Horrible Bear!
51.07,Two,Holidays on Ice
44.07,Four,Heir to the Sky
10.79,Four,Green Eggs and Ham (Beginner Books B-16)
42.72,One,"Grayson, Vol 3: Nemesis (Grayson #3)"
26.66,Five,Gratitude
37.6,Five,Gone Girl
42.21,Four,Golden (Heart of Dread #3)
46.83,Two,Girl in the Blue Coat
45.17,Two,"Fruits Basket, Vol. 3 (Fruits Basket #3)"
51.22,Three,"Friday Night Lights: A Town, a Team, and a Dream"
21.28,Four,Fire Bound (Sea Haven/Sisters of the Heart #5)
15.36,Five,Fifty Shades Freed (Fifty Shades #3)
38.62,One,Fellside
25.4,Three,Extreme Prey (Lucas Davenport #26)
43.87,Three,Eragon (The Inheritance Cycle #1)
18.74,One,Eclipse (Twilight #3)
54.86,One,Dune (Dune #1)
52.62,Three,Dracula
51.48,One,Do Androids Dream of Electric Sheep? (Blade Runner #1)
15.28,Five,Disrupted: My Misadventure in the Start-Up Bubble
39.24,Five,Dead Wake: The Last Crossing of the Lusitania
17.81,One,"David and Goliath: Underdogs, Misfits, and the Art of Battling Giants"
56.02,One,Darkfever (Fever #1)
23.9,Five,Dark Places
49.13,Five,Crazy Rich Asians (Crazy Rich Asians #1)
10.62,One,Counting Thyme
36.17,Two,Cosmos
59.95,Two,Civilization and Its Discontents
26.09,One,Cinder (The Lunar Chronicles #1)
37.35,Two,Catastrophic Happiness: Finding Joy in Childhood's Messy Years
24.72,Two,Career of Evil (Cormoran Strike #3)
35.28,Five,Breaking Dawn (Twilight #4)
51.32,Five,Brave Enough
21.12,Three,Boy Meets Boy
27.35,Two,"Born to Run: A Hidden Tribe, Superathletes, and the Greatest Race the World Has Never Seen"
21.74,Five,Blink: The Power of Thinking Without Thinking
40.87,One,Black Flags: The Rise of ISIS
49.31,One,"Black Butler, Vol. 1 (Black Butler #1)"
22.11,One,Big Little Lies
20.79,Five,Between Shades of Gray
27.41,Two,Best of My Love (Fool's Gold #20)
38.35,Two,Beowulf
21.55,Five,Beautiful Creatures (Caster Chronicles #1)
38.02,Two,Awkward
22.06,Four,Ash
10.66,Three,Are We There Yet?
56.58,One,Are We Smart Enough to Know How Smart Animals Are?
36.83,Five,Annie on My Mind
35.01,Two,And Then There Were None
30.48,Four,A Walk in the Woods: Rediscovering America on the Appalachian Trail
14.08,Five,A Visit from the Goon Squad
31.22,Two,A Storm of Swords (A Song of Ice and Fire #3)
54.29,Five,A Heartbreaking Work of Staggering Genius
31.04,One,8 Keys to Mental Health Through Exercise
50.96,One,#GIRLBOSS
11.89,Two,"The Suffragettes (Little Black Classics, #96)"
31.38,Three,The Sense of an Ending
54.81,One,"The Sandman, Vol. 2: The Doll's House (The Sandman (volumes) #2)"
16.78,Three,The Course of Love
24.42,One,Sugar Rush (Offensive Line #2)
11.75,Three,"Saga, Volume 2 (Saga (Collected Editions) #2)"
20.02,One,"Run, Spot, Run: The Ethics of Keeping Pets"
12.86,Four,New Moon (Twilight #2)
31.58,Five,Life
34.0,Three,Kindle Paperwhite User's Guide
57.42,Five,H is for Hawk
53.47,One,Girl Online On Tour (Girl Online #2)
11.64,Five,"Fruits Basket, Vol. 2 (Fruits Basket #2)"
52.88,Four,Diary of a Minecraft Zombie Book 1: A Scare of a Dare (An Unofficial Minecraft Book)
18.51,Four,"Y: The Last Man, Vol. 1: Unmanned (Y: The Last Man #1)"
41.32,Five,While You Were Mine
39.77,Three,Where Lightning Strikes (Bleeding Stars #3)
51.96,Three,When I'm Gone
39.51,Five,Ways of Seeing
15.4,One,"Vampire Knight, Vol. 1 (Vampire Knight #1)"
53.82,Two,Vampire Girl (Vampire Girl #1)
30.95,Four,Twenty Love Poems and a Song of Despair
57.82,Five,Travels with Charley: In Search of America
44.18,Two,Three Wishes (River of Time: California #1)
48.71,One,This One Moment (Pushing Limits #1)
19.69,Five,The Zombie Room
36.52,Two,"The Wicked + The Divine, Vol. 1: The Faust Act (The Wicked + The Divine)"
41.56,Five,The Tumor
43.19,Four,The Story of Hong Gildong
12.34,Five,The Silent Wife
36.25,Three,The Silent Twin (Detective Jennifer Knight #3)
29.45,One,The Selfish Gene
34.56,Three,The Secret Healer
54.12,Three,"The Sandman, Vol. 1: Preludes and Nocturnes (The Sandman (volumes) #1)"
33.78,Three,The Republic
29.64,Three,The Odyssey
57.7,Four,The No. 1 Ladies' Detective Agency (No. 1 Ladies' Detective Agency #1)
36.34,One,The Nicomachean Ethics
50.59,Three,The Name of the Wind (The Kingkiller Chronicle #1)
29.38,One,The Mirror & the Maze (The Wrath and the Dawn #1.5)
45.42,Two,The Little Prince
54.43,One,The Light of the Fireflies
36.26,Two,The Last Girl (The Dominion Trilogy #1)
16.16,One,The Iliad
36.29,Five,The Hook Up (Game On #1)
27.89,Five,The Haters
12.29,Five,The Girl You Lost
15.85,Three,The Girl In The Ice (DCI Erika Foster #1)
14.4,One,The End of the Jesus Era (An Investigation #1)
19.18,Four,The Edge of Reason (Bridget Jones #2)
10.64,Three,The Complete Maus (Maus #1-2)
14.76,Three,The Communist Manifesto
57.49,Three,The Bhagavad Gita
30.66,Three,The Bette Davis Club
40.83,Four,The Art of Not Breathing
18.88,Two,Taking Shots (Assassins #1)
25.83,Three,Starlark
42.12,Three,"Skip Beat!, Vol. 01 (Skip Beat! #1)"
13.33,Three,Sister Sable (The Mad Queen #1)
42.4,One,Shatter Me (Shatter Me #1)
58.35,Three,Shameless
21.72,Four,Shadow Rites (Jane Yellowrock #10)
44.91,Two,Settling the Score (The Summer Games #1)
37.46,One,Sense and Sensibility
28.48,One,"Saga, Volume 1 (Saga (Collected Editions) #1)"
28.34,Two,"Rhythm, Chord & Malykhin"
46.96,Five,"Rat Queens, Vol. 1: Sass & Sorcery (Rat Queens (Collected Editions) #1-5)"
24.96,One,Paradise Lost (Paradise #1)
21.71,Four,"Paper Girls, Vol. 1 (Paper Girls #1-5)"
29.87,Three,"Ouran High School Host Club, Vol. 1 (Ouran High School Host Club #1)"
28.99,One,Origins (Alphas 0.5)
52.94,Two,One Second (Seven #7)
32.36,Three,On the Road (Duluoz Legend)
55.66,Two,Old Records Never Die: One Man's Quest for His Vinyl and His Past
39.45,Five,Off Sides (Off #1)
47.11,Two,Of Mice and Men
58.75,Four,Myriad (Prentor #1)
38.92,Two,My Perfect Mistake (Over the Top #1)
39.39,Four,"Ms. Marvel, Vol. 1: No Normal (Ms. Marvel (2014-2015) #1)"
25.89,Two,Meditations
28.34,One,Matilda
27.7,Four,Lost Among the Living
24.89,Three,Lord of the Flies
58.99,Three,Listen to Me (Fusion #1)
57.2,Five,Kitchens of the Great Midwest
38.43,Five,Jane Eyre
34.74,Four,Imperfect Harmony
40.44,Four,Icing (Aces Hockey #2)
45.24,Three,"Hawkeye, Vol. 1: My Life as a Weapon (Hawkeye #1)"
34.96,Four,Having the Barbarian's Baby (Ice Planet Barbarians #7.5)
56.76,Four,"Giant Days, Vol. 1 (Giant Days #1-4)"
40.28,Five,"Fruits Basket, Vol. 1 (Fruits Basket #1)"
38.0,Two,Frankenstein
28.8,Three,Forever Rockers (The Rocker #12)
39.24,Three,Fighting Fate (Fighting #6)
32.93,Two,Emma
51.32,Three,"Eat, Pray, Love"
47.09,Five,Deep Under (Walker Security #1)
28.42,Four,Choosing Our Religion: The Spiritual Lives of America's Nones
22.85,Three,Charlie and the Chocolate Factory (Charlie Bucket #1)
41.24,One,Charity's Cross (Charles Towne Belles #4)
39.07,Five,Bright Lines
29.82,One,Bridget Jones's Diary (Bridget Jones #1)
37.26,Four,Bounty (Colorado Mountain #7)
20.3,Three,Blood Defense (Samantha Brinkman #1)
34.65,Five,"Bleach, Vol. 1: Strawberry and the Soul Reapers (Bleach #1)"
43.38,One,Beyond Good and Evil
55.53,One,Alice in Wonderland (Alice's Adventures in Wonderland #1)
57.06,Four,"Ajin: Demi-Human, Volume 1 (Ajin: Demi-Human #1)"
16.97,Five,A Spy's Devotion (The Regency Spies of London #1)
53.98,One,1st to Die (Women's Murder Club #1)
26.08,Five,"1,000 Places to See Before You Die"
text,author,tags
“The world as we have created it is a process of our thinking. It cannot be changed without changing our thinking.”,Albert Einstein,"change,deep-thoughts,thinking,world"
"“It is our choices, Harry, that show what we truly are, far more than our abilities.”",J.K. Rowling,"abilities,choices"
“There are only two ways to live your life. One is as though nothing is a miracle. The other is as though everything is a miracle.”,Albert Einstein,"inspirational,life,live,miracle,miracles"
"“The person, be it gentleman or lady, who has not pleasure in a good novel, must be intolerably stupid.”",Jane Austen,"aliteracy,books,classic,humor"
"“Imperfection is beauty, madness is genius and it's better to be absolutely ridiculous than absolutely boring.”",Marilyn Monroe,"be-yourself,inspirational"
“Try not to become a man of success. Rather become a man of value.”,Albert Einstein,"adulthood,success,value"
“It is better to be hated for what you are than to be loved for what you are not.”,André Gide,"life,love"
"“I have not failed. I've just found 10,000 ways that won't work.”",Thomas A. Edison,"edison,failure,inspirational,paraphrased"
“A woman is like a tea bag; you never know how strong it is until it's in hot water.”,Eleanor Roosevelt,misattributed-eleanor-roosevelt
"“A day without sunshine is like, you know, night.”",Steve Martin,"humor,obvious,simile"
"“This life is what you make it. No matter what, you're going to mess up sometimes, it's a universal truth. But the good part is you get to decide how you're going to mess it up. Girls will be your friends - they'll act like it anyway. But just remember, some come, some go. The ones that stay with you through everything - they're your true best friends. Don't let go of them. Also remember, sisters make the best friends in the world. As for lovers, well, they'll come and go too. And baby, I hate to say it, most of them - actually pretty much all of them are going to break your heart, but you can't give up because if you give up, you'll never find your soulmate. You'll never find that half who makes you whole and that goes for everything. Just because you fail once, doesn't mean you're gonna fail at everything. Keep trying, hold on, and always, always, always believe in yourself, because if you don't, then who will, sweetie? So keep your head high, keep your chin up, and most importantly, keep smiling, because life's a beautiful thing and there's so much to smile about.”",Marilyn Monroe,"friends,heartbreak,inspirational,life,love,sisters"
"“It takes a great deal of bravery to stand up to our enemies, but just as much to stand up to our friends.”",J.K. Rowling,"courage,friends"
"“If you can't explain it to a six year old, you don't understand it yourself.”",Albert Einstein,"simplicity,understand"
"“You may not be her first, her last, or her only. She loved before she may love again. But if she loves you now, what else matters? She's not perfect—you aren't either, and the two of you may never be perfect together but if she can make you laugh, cause you to think twice, and admit to being human and making mistakes, hold onto her and give her the most you can. She may not be thinking about you every second of the day, but she will give you a part of her that she knows you can break—her heart. So don't hurt her, don't change her, don't analyze and don't expect more than she can give. Smile when she makes you happy, let her know when she makes you mad, and miss her when she's not there.”",Bob Marley,love
"“I like nonsense, it wakes up the brain cells. Fantasy is a necessary ingredient in living.”",Dr. Seuss,fantasy
"“I may not have gone where I intended to go, but I think I have ended up where I needed to be.”",Douglas Adams,"life,navigation"
"“The opposite of love is not hate, it's indifference. The opposite of art is not ugliness, it's indifference. The opposite of faith is not heresy, it's indifference. And the opposite of life is not death, it's indifference.”",Elie Wiesel,"activism,apathy,hate,indifference,inspirational,love,opposite,philosophy"
"“It is not a lack of love, but a lack of friendship that makes unhappy marriages.”",Friedrich Nietzsche,"friendship,lack-of-friendship,lack-of-love,love,marriage,unhappy-marriage"
"“Good friends, good books, and a sleepy conscience: this is the ideal life.”",Mark Twain,"books,contentment,friends,friendship,life"
“Life is what happens to us while we are making other plans.”,Allen Saunders,"fate,life,misattributed-john-lennon,planning,plans"
"“I love you without knowing how, or when, or from where. I love you simply, without problems or pride: I love you in this way because I do not know any other way of loving but this, in which there is no I or you, so intimate that your hand upon my chest is my hand, so intimate that when I fall asleep your eyes close.”",Pablo Neruda,"love,poetry"
“For every minute you are angry you lose sixty seconds of happiness.”,Ralph Waldo Emerson,happiness
"“If you judge people, you have no time to love them.”",Mother Teresa,attributed-no-source
“Anyone who thinks sitting in church can make you a Christian must also think that sitting in a garage can make you a car.”,Garrison Keillor,"humor,religion"
“Beauty is in the eye of the beholder and it may be necessary from time to time to give a stupid or misinformed beholder a black eye.”,Jim Henson,humor
"“Today you are You, that is truer than true. There is no one alive who is Youer than You.”",Dr. Seuss,"comedy,life,yourself"
"“If you want your children to be intelligent, read them fairy tales. If you want them to be more intelligent, read them more fairy tales.”",Albert Einstein,"children,fairy-tales"
"“It is impossible to live without failing at something, unless you live so cautiously that you might as well not have lived at all - in which case, you fail by default.”",J.K. Rowling,
“Logic will get you from A to Z; imagination will get you everywhere.”,Albert Einstein,imagination
"“One good thing about music, when it hits you, you feel no pain.”",Bob Marley,music
"“The more that you read, the more things you will know. The more that you learn, the more places you'll go.”",Dr. Seuss,"learning,reading,seuss"
"“Of course it is happening inside your head, Harry, but why on earth should that mean that it is not real?”",J.K. Rowling,dumbledore
"“The truth is, everyone is going to hurt you. You just got to find the ones worth suffering for.”",Bob Marley,friendship
“Not all of us can do great things. But we can do small things with great love.”,Mother Teresa,"misattributed-to-mother-teresa,paraphrased"
"“To the well-organized mind, death is but the next great adventure.”",J.K. Rowling,"death,inspirational"
“All you need is love. But a little chocolate now and then doesn't hurt.”,Charles M. Schulz,"chocolate,food,humor"
“We read to know we're not alone.”,William Nicholson,"misattributed-to-c-s-lewis,reading"
“Any fool can know. The point is to understand.”,Albert Einstein,"knowledge,learning,understanding,wisdom"
“I have always imagined that Paradise will be a kind of library.”,Jorge Luis Borges,"books,library"
“It is never too late to be what you might have been.”,George Eliot,inspirational
"“A reader lives a thousand lives before he dies, said Jojen. The man who never reads lives only one.”",George R.R. Martin,"read,readers,reading,reading-books"
“You can never get a cup of tea large enough or a book long enough to suit me.”,C.S. Lewis,"books,inspirational,reading,tea"
“You believe lies so you eventually learn to trust no one but yourself.”,Marilyn Monroe,
"“If you can make a woman laugh, you can make her do anything.”",Marilyn Monroe,"girls,love"
"“Life is like riding a bicycle. To keep your balance, you must keep moving.”",Albert Einstein,"life,simile"
“The real lover is the man who can thrill you by kissing your forehead or smiling into your eyes or just staring into space.”,Marilyn Monroe,love
"“A wise girl kisses but doesn't love, listens but doesn't believe, and leaves before she is left.”",Marilyn Monroe,attributed-no-source
“Only in the darkness can you see the stars.”,Martin Luther King Jr.,"hope,inspirational"
"“It matters not what someone is born, but what they grow to be.”",J.K. Rowling,dumbledore
"“Love does not begin and end the way we seem to think it does. Love is a battle, love is a war; love is a growing up.”",James Baldwin,love
"“There is nothing I would not do for those who are really my friends. I have no notion of loving people by halves, it is not my nature.”",Jane Austen,"friendship,love"
“Do one thing every day that scares you.”,Eleanor Roosevelt,"attributed,fear,inspiration"
"“I am good, but not an angel. I do sin, but I am not the devil. I am just a small girl in a big world trying to find someone to love.”",Marilyn Monroe,attributed-no-source
"“If I were not a physicist, I would probably be a musician. I often think in music. I live my daydreams in music. I see my life in terms of music.”",Albert Einstein,music
"“If you only read the books that everyone else is reading, you can only think what everyone else is thinking.”",Haruki Murakami,"books,thought"
“The difference between genius and stupidity is: genius has its limits.”,Alexandre Dumas fils,misattributed-to-einstein
"“He's like a drug for you, Bella.”",Stephenie Meyer,"drug,romance,simile"
“There is no friend as loyal as a book.”,Ernest Hemingway,"books,friends,novelist-quotes"
"“When one door of happiness closes, another opens; but often we look so long at the closed door that we do not see the one which has been opened for us.”",Helen Keller,inspirational
“Life isn't about finding yourself. Life is about creating yourself.”,George Bernard Shaw,"inspirational,life,yourself"
"“That's the problem with drinking, I thought, as I poured myself a drink. If something bad happens you drink in an attempt to forget; if something good happens you drink in order to celebrate; and if nothing happens you drink to make something happen.”",Charles Bukowski,alcohol
“You don’t forget the face of the person who was your last hope.”,Suzanne Collins,the-hunger-games
"“Remember, we're madly in love, so it's all right to kiss me anytime you feel like it.”",Suzanne Collins,humor
"“To love at all is to be vulnerable. Love anything and your heart will be wrung and possibly broken. If you want to make sure of keeping it intact you must give it to no one, not even an animal. Wrap it carefully round with hobbies and little luxuries; avoid all entanglements. Lock it up safe in the casket or coffin of your selfishness. But in that casket, safe, dark, motionless, airless, it will change. It will not be broken; it will become unbreakable, impenetrable, irredeemable. To love is to be vulnerable.”",C.S. Lewis,love
“Not all those who wander are lost.”,J.R.R. Tolkien,"bilbo,journey,lost,quest,travel,wander"
"“Do not pity the dead, Harry. Pity the living, and, above all those who live without love.”",J.K. Rowling,live-death-love
“There is nothing to writing. All you do is sit down at a typewriter and bleed.”,Ernest Hemingway,"good,writing"
“Finish each day and be done with it. You have done what you could. Some blunders and absurdities no doubt crept in; forget them as soon as you can. Tomorrow is a new day. You shall begin it serenely and with too high a spirit to be encumbered with your old nonsense.”,Ralph Waldo Emerson,"life,regrets"
“I have never let my schooling interfere with my education.”,Mark Twain,education
“I have heard there are troubles of more than one kind. Some come from ahead and some come from behind. But I've bought a big bat. I'm all ready you see. Now my troubles are going to have troubles with me!”,Dr. Seuss,troubles
“If I had a flower for every time I thought of you...I could walk through my garden forever.”,Alfred Tennyson,"friendship,love"
“Some people never go crazy. What truly horrible lives they must lead.”,Charles Bukowski,humor
"“The trouble with having an open mind, of course, is that people will insist on coming along and trying to put things in it.”",Terry Pratchett,"humor,open-mind,thinking"
"“Think left and think right and think low and think high. Oh, the thinks you can think up if only you try!”",Dr. Seuss,"humor,philosophy"
"“What really knocks me out is a book that, when you're all done reading it, you wish the author that wrote it was a terrific friend of yours and you could call him up on the phone whenever you felt like it. That doesn't happen much, though.”",J.D. Salinger,"authors,books,literature,reading,writing"
“The reason I talk to myself is because I’m the only one whose answers I accept.”,George Carlin,"humor,insanity,lies,lying,self-indulgence,truth"
"“You may say I'm a dreamer, but I'm not the only one. I hope someday you'll join us. And the world will live as one.”",John Lennon,"beatles,connection,dreamers,dreaming,dreams,hope,inspirational,peace"
“I am free of all prejudice. I hate everyone equally. ”,W.C. Fields,"humor,sinister"
“The question isn't who is going to let me; it's who is going to stop me.”,Ayn Rand,
“′Classic′ - a book which people praise and don't read.”,Mark Twain,"books,classic,reading"
“Anyone who has never made a mistake has never tried anything new.”,Albert Einstein,mistakes
"“A lady's imagination is very rapid; it jumps from admiration to love, from love to matrimony in a moment.”",Jane Austen,"humor,love,romantic,women"
"“Remember, if the time should come when you have to make a choice between what is right and what is easy, remember what happened to a boy who was good, and kind, and brave, because he strayed across the path of Lord Voldemort. Remember Cedric Diggory.”",J.K. Rowling,integrity
"“I declare after all there is no enjoyment like reading! How much sooner one tires of any thing than of a book! -- When I have a house of my own, I shall be miserable if I have not an excellent library.”",Jane Austen,"books,library,reading"
"“There are few people whom I really love, and still fewer of whom I think well. The more I see of the world, the more am I dissatisfied with it; and every day confirms my belief of the inconsistency of all human characters, and of the little dependence that can be placed on the appearance of merit or sense.”",Jane Austen,"elizabeth-bennet,jane-austen"
“Some day you will be old enough to start reading fairy tales again.”,C.S. Lewis,"age,fairytales,growing-up"
“We are not necessarily doubting that God will do the best for us; we are wondering how painful the best will turn out to be.”,C.S. Lewis,god
“The fear of death follows from the fear of life. A man who lives fully is prepared to die at any time.”,Mark Twain,"death,life"
“A lie can travel half way around the world while the truth is putting on its shoes.”,Mark Twain,"misattributed-mark-twain,truth"
"“I believe in Christianity as I believe that the sun has risen: not only because I see it, but because by it I see everything else.”",C.S. Lewis,"christianity,faith,religion,sun"
"“The truth."" Dumbledore sighed. ""It is a beautiful and terrible thing, and should therefore be treated with great caution.”",J.K. Rowling,truth
"“I'm the one that's got to die when it's time for me to die, so let me live my life the way I want to.”",Jimi Hendrix,"death,life"
“To die will be an awfully big adventure.”,J.M. Barrie,"adventure,love"
“It takes courage to grow up and become who you really are.”,E.E. Cummings,courage
“But better to get hurt by the truth than comforted with a lie.”,Khaled Hosseini,life
“You never really understand a person until you consider things from his point of view... Until you climb inside of his skin and walk around in it.”,Harper Lee,better-life-empathy
"“You have to write the book that wants to be written. And if the book will be too difficult for grown-ups, then you write it for children.”",Madeleine L'Engle,"books,children,difficult,grown-ups,write,writers,writing"
“Never tell the truth to people who are not worthy of it.”,Mark Twain,truth
"“A person's a person, no matter how small.”",Dr. Seuss,inspirational
"“... a mind needs books as a sword needs a whetstone, if it is to keep its edge.”",George R.R. Martin,"books,mind"
text,author,tags
“The world as we have created it is a process of our thinking. It cannot be changed without changing our thinking.”,Albert Einstein,"change,deep-thoughts,thinking,world"
"“It is our choices, Harry, that show what we truly are, far more than our abilities.”",J.K. Rowling,"abilities,choices"
“There are only two ways to live your life. One is as though nothing is a miracle. The other is as though everything is a miracle.”,Albert Einstein,"inspirational,life,live,miracle,miracles"
"“The person, be it gentleman or lady, who has not pleasure in a good novel, must be intolerably stupid.”",Jane Austen,"aliteracy,books,classic,humor"
"“Imperfection is beauty, madness is genius and it's better to be absolutely ridiculous than absolutely boring.”",Marilyn Monroe,"be-yourself,inspirational"
“Try not to become a man of success. Rather become a man of value.”,Albert Einstein,"adulthood,success,value"
“It is better to be hated for what you are than to be loved for what you are not.”,André Gide,"life,love"
"“I have not failed. I've just found 10,000 ways that won't work.”",Thomas A. Edison,"edison,failure,inspirational,paraphrased"
“A woman is like a tea bag; you never know how strong it is until it's in hot water.”,Eleanor Roosevelt,misattributed-eleanor-roosevelt
"“A day without sunshine is like, you know, night.”",Steve Martin,"humor,obvious,simile"
"“This life is what you make it. No matter what, you're going to mess up sometimes, it's a universal truth. But the good part is you get to decide how you're going to mess it up. Girls will be your friends - they'll act like it anyway. But just remember, some come, some go. The ones that stay with you through everything - they're your true best friends. Don't let go of them. Also remember, sisters make the best friends in the world. As for lovers, well, they'll come and go too. And baby, I hate to say it, most of them - actually pretty much all of them are going to break your heart, but you can't give up because if you give up, you'll never find your soulmate. You'll never find that half who makes you whole and that goes for everything. Just because you fail once, doesn't mean you're gonna fail at everything. Keep trying, hold on, and always, always, always believe in yourself, because if you don't, then who will, sweetie? So keep your head high, keep your chin up, and most importantly, keep smiling, because life's a beautiful thing and there's so much to smile about.”",Marilyn Monroe,"friends,heartbreak,inspirational,life,love,sisters"
"“It takes a great deal of bravery to stand up to our enemies, but just as much to stand up to our friends.”",J.K. Rowling,"courage,friends"
"“If you can't explain it to a six year old, you don't understand it yourself.”",Albert Einstein,"simplicity,understand"
"“You may not be her first, her last, or her only. She loved before she may love again. But if she loves you now, what else matters? She's not perfect—you aren't either, and the two of you may never be perfect together but if she can make you laugh, cause you to think twice, and admit to being human and making mistakes, hold onto her and give her the most you can. She may not be thinking about you every second of the day, but she will give you a part of her that she knows you can break—her heart. So don't hurt her, don't change her, don't analyze and don't expect more than she can give. Smile when she makes you happy, let her know when she makes you mad, and miss her when she's not there.”",Bob Marley,love
"“I like nonsense, it wakes up the brain cells. Fantasy is a necessary ingredient in living.”",Dr. Seuss,fantasy
"“I may not have gone where I intended to go, but I think I have ended up where I needed to be.”",Douglas Adams,"life,navigation"
"“The opposite of love is not hate, it's indifference. The opposite of art is not ugliness, it's indifference. The opposite of faith is not heresy, it's indifference. And the opposite of life is not death, it's indifference.”",Elie Wiesel,"activism,apathy,hate,indifference,inspirational,love,opposite,philosophy"
"“It is not a lack of love, but a lack of friendship that makes unhappy marriages.”",Friedrich Nietzsche,"friendship,lack-of-friendship,lack-of-love,love,marriage,unhappy-marriage"
"“Good friends, good books, and a sleepy conscience: this is the ideal life.”",Mark Twain,"books,contentment,friends,friendship,life"
“Life is what happens to us while we are making other plans.”,Allen Saunders,"fate,life,misattributed-john-lennon,planning,plans"
"“I love you without knowing how, or when, or from where. I love you simply, without problems or pride: I love you in this way because I do not know any other way of loving but this, in which there is no I or you, so intimate that your hand upon my chest is my hand, so intimate that when I fall asleep your eyes close.”",Pablo Neruda,"love,poetry"
“For every minute you are angry you lose sixty seconds of happiness.”,Ralph Waldo Emerson,happiness
"“If you judge people, you have no time to love them.”",Mother Teresa,attributed-no-source
“Anyone who thinks sitting in church can make you a Christian must also think that sitting in a garage can make you a car.”,Garrison Keillor,"humor,religion"
“Beauty is in the eye of the beholder and it may be necessary from time to time to give a stupid or misinformed beholder a black eye.”,Jim Henson,humor
"“Today you are You, that is truer than true. There is no one alive who is Youer than You.”",Dr. Seuss,"comedy,life,yourself"
"“If you want your children to be intelligent, read them fairy tales. If you want them to be more intelligent, read them more fairy tales.”",Albert Einstein,"children,fairy-tales"
"“It is impossible to live without failing at something, unless you live so cautiously that you might as well not have lived at all - in which case, you fail by default.”",J.K. Rowling,
“Logic will get you from A to Z; imagination will get you everywhere.”,Albert Einstein,imagination
"“One good thing about music, when it hits you, you feel no pain.”",Bob Marley,music
"“The more that you read, the more things you will know. The more that you learn, the more places you'll go.”",Dr. Seuss,"learning,reading,seuss"
"“Of course it is happening inside your head, Harry, but why on earth should that mean that it is not real?”",J.K. Rowling,dumbledore
"“The truth is, everyone is going to hurt you. You just got to find the ones worth suffering for.”",Bob Marley,friendship
“Not all of us can do great things. But we can do small things with great love.”,Mother Teresa,"misattributed-to-mother-teresa,paraphrased"
"“To the well-organized mind, death is but the next great adventure.”",J.K. Rowling,"death,inspirational"
“All you need is love. But a little chocolate now and then doesn't hurt.”,Charles M. Schulz,"chocolate,food,humor"
“We read to know we're not alone.”,William Nicholson,"misattributed-to-c-s-lewis,reading"
“Any fool can know. The point is to understand.”,Albert Einstein,"knowledge,learning,understanding,wisdom"
“I have always imagined that Paradise will be a kind of library.”,Jorge Luis Borges,"books,library"
“It is never too late to be what you might have been.”,George Eliot,inspirational
"“A reader lives a thousand lives before he dies, said Jojen. The man who never reads lives only one.”",George R.R. Martin,"read,readers,reading,reading-books"
“You can never get a cup of tea large enough or a book long enough to suit me.”,C.S. Lewis,"books,inspirational,reading,tea"
“You believe lies so you eventually learn to trust no one but yourself.”,Marilyn Monroe,
"“If you can make a woman laugh, you can make her do anything.”",Marilyn Monroe,"girls,love"
"“Life is like riding a bicycle. To keep your balance, you must keep moving.”",Albert Einstein,"life,simile"
“The real lover is the man who can thrill you by kissing your forehead or smiling into your eyes or just staring into space.”,Marilyn Monroe,love
"“A wise girl kisses but doesn't love, listens but doesn't believe, and leaves before she is left.”",Marilyn Monroe,attributed-no-source
“Only in the darkness can you see the stars.”,Martin Luther King Jr.,"hope,inspirational"
"“It matters not what someone is born, but what they grow to be.”",J.K. Rowling,dumbledore
"“Love does not begin and end the way we seem to think it does. Love is a battle, love is a war; love is a growing up.”",James Baldwin,love
"“There is nothing I would not do for those who are really my friends. I have no notion of loving people by halves, it is not my nature.”",Jane Austen,"friendship,love"
“Do one thing every day that scares you.”,Eleanor Roosevelt,"attributed,fear,inspiration"
"“I am good, but not an angel. I do sin, but I am not the devil. I am just a small girl in a big world trying to find someone to love.”",Marilyn Monroe,attributed-no-source
"“If I were not a physicist, I would probably be a musician. I often think in music. I live my daydreams in music. I see my life in terms of music.”",Albert Einstein,music
"“If you only read the books that everyone else is reading, you can only think what everyone else is thinking.”",Haruki Murakami,"books,thought"
“The difference between genius and stupidity is: genius has its limits.”,Alexandre Dumas fils,misattributed-to-einstein
"“He's like a drug for you, Bella.”",Stephenie Meyer,"drug,romance,simile"
“There is no friend as loyal as a book.”,Ernest Hemingway,"books,friends,novelist-quotes"
"“When one door of happiness closes, another opens; but often we look so long at the closed door that we do not see the one which has been opened for us.”",Helen Keller,inspirational
“Life isn't about finding yourself. Life is about creating yourself.”,George Bernard Shaw,"inspirational,life,yourself"
"“That's the problem with drinking, I thought, as I poured myself a drink. If something bad happens you drink in an attempt to forget; if something good happens you drink in order to celebrate; and if nothing happens you drink to make something happen.”",Charles Bukowski,alcohol
“You don’t forget the face of the person who was your last hope.”,Suzanne Collins,the-hunger-games
"“Remember, we're madly in love, so it's all right to kiss me anytime you feel like it.”",Suzanne Collins,humor
"“To love at all is to be vulnerable. Love anything and your heart will be wrung and possibly broken. If you want to make sure of keeping it intact you must give it to no one, not even an animal. Wrap it carefully round with hobbies and little luxuries; avoid all entanglements. Lock it up safe in the casket or coffin of your selfishness. But in that casket, safe, dark, motionless, airless, it will change. It will not be broken; it will become unbreakable, impenetrable, irredeemable. To love is to be vulnerable.”",C.S. Lewis,love
“Not all those who wander are lost.”,J.R.R. Tolkien,"bilbo,journey,lost,quest,travel,wander"
"“Do not pity the dead, Harry. Pity the living, and, above all those who live without love.”",J.K. Rowling,live-death-love
“There is nothing to writing. All you do is sit down at a typewriter and bleed.”,Ernest Hemingway,"good,writing"
“Finish each day and be done with it. You have done what you could. Some blunders and absurdities no doubt crept in; forget them as soon as you can. Tomorrow is a new day. You shall begin it serenely and with too high a spirit to be encumbered with your old nonsense.”,Ralph Waldo Emerson,"life,regrets"
“I have never let my schooling interfere with my education.”,Mark Twain,education
“I have heard there are troubles of more than one kind. Some come from ahead and some come from behind. But I've bought a big bat. I'm all ready you see. Now my troubles are going to have troubles with me!”,Dr. Seuss,troubles
“If I had a flower for every time I thought of you...I could walk through my garden forever.”,Alfred Tennyson,"friendship,love"
“Some people never go crazy. What truly horrible lives they must lead.”,Charles Bukowski,humor
"“The trouble with having an open mind, of course, is that people will insist on coming along and trying to put things in it.”",Terry Pratchett,"humor,open-mind,thinking"
"“Think left and think right and think low and think high. Oh, the thinks you can think up if only you try!”",Dr. Seuss,"humor,philosophy"
"“What really knocks me out is a book that, when you're all done reading it, you wish the author that wrote it was a terrific friend of yours and you could call him up on the phone whenever you felt like it. That doesn't happen much, though.”",J.D. Salinger,"authors,books,literature,reading,writing"
“The reason I talk to myself is because I’m the only one whose answers I accept.”,George Carlin,"humor,insanity,lies,lying,self-indulgence,truth"
"“You may say I'm a dreamer, but I'm not the only one. I hope someday you'll join us. And the world will live as one.”",John Lennon,"beatles,connection,dreamers,dreaming,dreams,hope,inspirational,peace"
“I am free of all prejudice. I hate everyone equally. ”,W.C. Fields,"humor,sinister"
“The question isn't who is going to let me; it's who is going to stop me.”,Ayn Rand,
“′Classic′ - a book which people praise and don't read.”,Mark Twain,"books,classic,reading"
“Anyone who has never made a mistake has never tried anything new.”,Albert Einstein,mistakes
"“A lady's imagination is very rapid; it jumps from admiration to love, from love to matrimony in a moment.”",Jane Austen,"humor,love,romantic,women"
"“Remember, if the time should come when you have to make a choice between what is right and what is easy, remember what happened to a boy who was good, and kind, and brave, because he strayed across the path of Lord Voldemort. Remember Cedric Diggory.”",J.K. Rowling,integrity
"“I declare after all there is no enjoyment like reading! How much sooner one tires of any thing than of a book! -- When I have a house of my own, I shall be miserable if I have not an excellent library.”",Jane Austen,"books,library,reading"
"“There are few people whom I really love, and still fewer of whom I think well. The more I see of the world, the more am I dissatisfied with it; and every day confirms my belief of the inconsistency of all human characters, and of the little dependence that can be placed on the appearance of merit or sense.”",Jane Austen,"elizabeth-bennet,jane-austen"
“Some day you will be old enough to start reading fairy tales again.”,C.S. Lewis,"age,fairytales,growing-up"
“We are not necessarily doubting that God will do the best for us; we are wondering how painful the best will turn out to be.”,C.S. Lewis,god
“The fear of death follows from the fear of life. A man who lives fully is prepared to die at any time.”,Mark Twain,"death,life"
“A lie can travel half way around the world while the truth is putting on its shoes.”,Mark Twain,"misattributed-mark-twain,truth"
"“I believe in Christianity as I believe that the sun has risen: not only because I see it, but because by it I see everything else.”",C.S. Lewis,"christianity,faith,religion,sun"
"“The truth."" Dumbledore sighed. ""It is a beautiful and terrible thing, and should therefore be treated with great caution.”",J.K. Rowling,truth
"“I'm the one that's got to die when it's time for me to die, so let me live my life the way I want to.”",Jimi Hendrix,"death,life"
“To die will be an awfully big adventure.”,J.M. Barrie,"adventure,love"
“It takes courage to grow up and become who you really are.”,E.E. Cummings,courage
“But better to get hurt by the truth than comforted with a lie.”,Khaled Hosseini,life
“You never really understand a person until you consider things from his point of view... Until you climb inside of his skin and walk around in it.”,Harper Lee,better-life-empathy
"“You have to write the book that wants to be written. And if the book will be too difficult for grown-ups, then you write it for children.”",Madeleine L'Engle,"books,children,difficult,grown-ups,write,writers,writing"
“Never tell the truth to people who are not worthy of it.”,Mark Twain,truth
"“A person's a person, no matter how small.”",Dr. Seuss,inspirational
"“... a mind needs books as a sword needs a whetstone, if it is to keep its edge.”",George R.R. Martin,"books,mind"
text,author,tags
“The world as we have created it is a process of our thinking. It cannot be changed without changing our thinking.”,Albert Einstein,"change,deep-thoughts,thinking,world"
"“It is our choices, Harry, that show what we truly are, far more than our abilities.”",J.K. Rowling,"abilities,choices"
“There are only two ways to live your life. One is as though nothing is a miracle. The other is as though everything is a miracle.”,Albert Einstein,"inspirational,life,live,miracle,miracles"
"“The person, be it gentleman or lady, who has not pleasure in a good novel, must be intolerably stupid.”",Jane Austen,"aliteracy,books,classic,humor"
"“Imperfection is beauty, madness is genius and it's better to be absolutely ridiculous than absolutely boring.”",Marilyn Monroe,"be-yourself,inspirational"
“Try not to become a man of success. Rather become a man of value.”,Albert Einstein,"adulthood,success,value"
“It is better to be hated for what you are than to be loved for what you are not.”,André Gide,"life,love"
"“I have not failed. I've just found 10,000 ways that won't work.”",Thomas A. Edison,"edison,failure,inspirational,paraphrased"
“A woman is like a tea bag; you never know how strong it is until it's in hot water.”,Eleanor Roosevelt,misattributed-eleanor-roosevelt
"“A day without sunshine is like, you know, night.”",Steve Martin,"humor,obvious,simile"
"“This life is what you make it. No matter what, you're going to mess up sometimes, it's a universal truth. But the good part is you get to decide how you're going to mess it up. Girls will be your friends - they'll act like it anyway. But just remember, some come, some go. The ones that stay with you through everything - they're your true best friends. Don't let go of them. Also remember, sisters make the best friends in the world. As for lovers, well, they'll come and go too. And baby, I hate to say it, most of them - actually pretty much all of them are going to break your heart, but you can't give up because if you give up, you'll never find your soulmate. You'll never find that half who makes you whole and that goes for everything. Just because you fail once, doesn't mean you're gonna fail at everything. Keep trying, hold on, and always, always, always believe in yourself, because if you don't, then who will, sweetie? So keep your head high, keep your chin up, and most importantly, keep smiling, because life's a beautiful thing and there's so much to smile about.”",Marilyn Monroe,"friends,heartbreak,inspirational,life,love,sisters"
"“It takes a great deal of bravery to stand up to our enemies, but just as much to stand up to our friends.”",J.K. Rowling,"courage,friends"
"“If you can't explain it to a six year old, you don't understand it yourself.”",Albert Einstein,"simplicity,understand"
"“You may not be her first, her last, or her only. She loved before she may love again. But if she loves you now, what else matters? She's not perfect—you aren't either, and the two of you may never be perfect together but if she can make you laugh, cause you to think twice, and admit to being human and making mistakes, hold onto her and give her the most you can. She may not be thinking about you every second of the day, but she will give you a part of her that she knows you can break—her heart. So don't hurt her, don't change her, don't analyze and don't expect more than she can give. Smile when she makes you happy, let her know when she makes you mad, and miss her when she's not there.”",Bob Marley,love
"“I like nonsense, it wakes up the brain cells. Fantasy is a necessary ingredient in living.”",Dr. Seuss,fantasy
"“I may not have gone where I intended to go, but I think I have ended up where I needed to be.”",Douglas Adams,"life,navigation"
"“The opposite of love is not hate, it's indifference. The opposite of art is not ugliness, it's indifference. The opposite of faith is not heresy, it's indifference. And the opposite of life is not death, it's indifference.”",Elie Wiesel,"activism,apathy,hate,indifference,inspirational,love,opposite,philosophy"
"“It is not a lack of love, but a lack of friendship that makes unhappy marriages.”",Friedrich Nietzsche,"friendship,lack-of-friendship,lack-of-love,love,marriage,unhappy-marriage"
"“Good friends, good books, and a sleepy conscience: this is the ideal life.”",Mark Twain,"books,contentment,friends,friendship,life"
“Life is what happens to us while we are making other plans.”,Allen Saunders,"fate,life,misattributed-john-lennon,planning,plans"
"“I love you without knowing how, or when, or from where. I love you simply, without problems or pride: I love you in this way because I do not know any other way of loving but this, in which there is no I or you, so intimate that your hand upon my chest is my hand, so intimate that when I fall asleep your eyes close.”",Pablo Neruda,"love,poetry"
“For every minute you are angry you lose sixty seconds of happiness.”,Ralph Waldo Emerson,happiness
"“If you judge people, you have no time to love them.”",Mother Teresa,attributed-no-source
“Anyone who thinks sitting in church can make you a Christian must also think that sitting in a garage can make you a car.”,Garrison Keillor,"humor,religion"
“Beauty is in the eye of the beholder and it may be necessary from time to time to give a stupid or misinformed beholder a black eye.”,Jim Henson,humor
"“Today you are You, that is truer than true. There is no one alive who is Youer than You.”",Dr. Seuss,"comedy,life,yourself"
"“If you want your children to be intelligent, read them fairy tales. If you want them to be more intelligent, read them more fairy tales.”",Albert Einstein,"children,fairy-tales"
"“It is impossible to live without failing at something, unless you live so cautiously that you might as well not have lived at all - in which case, you fail by default.”",J.K. Rowling,
“Logic will get you from A to Z; imagination will get you everywhere.”,Albert Einstein,imagination
"“One good thing about music, when it hits you, you feel no pain.”",Bob Marley,music
"“The more that you read, the more things you will know. The more that you learn, the more places you'll go.”",Dr. Seuss,"learning,reading,seuss"
"“Of course it is happening inside your head, Harry, but why on earth should that mean that it is not real?”",J.K. Rowling,dumbledore
"“The truth is, everyone is going to hurt you. You just got to find the ones worth suffering for.”",Bob Marley,friendship
“Not all of us can do great things. But we can do small things with great love.”,Mother Teresa,"misattributed-to-mother-teresa,paraphrased"
"“To the well-organized mind, death is but the next great adventure.”",J.K. Rowling,"death,inspirational"
“All you need is love. But a little chocolate now and then doesn't hurt.”,Charles M. Schulz,"chocolate,food,humor"
“We read to know we're not alone.”,William Nicholson,"misattributed-to-c-s-lewis,reading"
“Any fool can know. The point is to understand.”,Albert Einstein,"knowledge,learning,understanding,wisdom"
“I have always imagined that Paradise will be a kind of library.”,Jorge Luis Borges,"books,library"
“It is never too late to be what you might have been.”,George Eliot,inspirational
"“A reader lives a thousand lives before he dies, said Jojen. The man who never reads lives only one.”",George R.R. Martin,"read,readers,reading,reading-books"
“You can never get a cup of tea large enough or a book long enough to suit me.”,C.S. Lewis,"books,inspirational,reading,tea"
“You believe lies so you eventually learn to trust no one but yourself.”,Marilyn Monroe,
"“If you can make a woman laugh, you can make her do anything.”",Marilyn Monroe,"girls,love"
"“Life is like riding a bicycle. To keep your balance, you must keep moving.”",Albert Einstein,"life,simile"
“The real lover is the man who can thrill you by kissing your forehead or smiling into your eyes or just staring into space.”,Marilyn Monroe,love
"“A wise girl kisses but doesn't love, listens but doesn't believe, and leaves before she is left.”",Marilyn Monroe,attributed-no-source
“Only in the darkness can you see the stars.”,Martin Luther King Jr.,"hope,inspirational"
"“It matters not what someone is born, but what they grow to be.”",J.K. Rowling,dumbledore
"“Love does not begin and end the way we seem to think it does. Love is a battle, love is a war; love is a growing up.”",James Baldwin,love
"“There is nothing I would not do for those who are really my friends. I have no notion of loving people by halves, it is not my nature.”",Jane Austen,"friendship,love"
“Do one thing every day that scares you.”,Eleanor Roosevelt,"attributed,fear,inspiration"
"“I am good, but not an angel. I do sin, but I am not the devil. I am just a small girl in a big world trying to find someone to love.”",Marilyn Monroe,attributed-no-source
"“If I were not a physicist, I would probably be a musician. I often think in music. I live my daydreams in music. I see my life in terms of music.”",Albert Einstein,music
"“If you only read the books that everyone else is reading, you can only think what everyone else is thinking.”",Haruki Murakami,"books,thought"
“The difference between genius and stupidity is: genius has its limits.”,Alexandre Dumas fils,misattributed-to-einstein
"“He's like a drug for you, Bella.”",Stephenie Meyer,"drug,romance,simile"
“There is no friend as loyal as a book.”,Ernest Hemingway,"books,friends,novelist-quotes"
"“When one door of happiness closes, another opens; but often we look so long at the closed door that we do not see the one which has been opened for us.”",Helen Keller,inspirational
“Life isn't about finding yourself. Life is about creating yourself.”,George Bernard Shaw,"inspirational,life,yourself"
"“That's the problem with drinking, I thought, as I poured myself a drink. If something bad happens you drink in an attempt to forget; if something good happens you drink in order to celebrate; and if nothing happens you drink to make something happen.”",Charles Bukowski,alcohol
“You don’t forget the face of the person who was your last hope.”,Suzanne Collins,the-hunger-games
"“Remember, we're madly in love, so it's all right to kiss me anytime you feel like it.”",Suzanne Collins,humor
"“To love at all is to be vulnerable. Love anything and your heart will be wrung and possibly broken. If you want to make sure of keeping it intact you must give it to no one, not even an animal. Wrap it carefully round with hobbies and little luxuries; avoid all entanglements. Lock it up safe in the casket or coffin of your selfishness. But in that casket, safe, dark, motionless, airless, it will change. It will not be broken; it will become unbreakable, impenetrable, irredeemable. To love is to be vulnerable.”",C.S. Lewis,love
“Not all those who wander are lost.”,J.R.R. Tolkien,"bilbo,journey,lost,quest,travel,wander"
"“Do not pity the dead, Harry. Pity the living, and, above all those who live without love.”",J.K. Rowling,live-death-love
“There is nothing to writing. All you do is sit down at a typewriter and bleed.”,Ernest Hemingway,"good,writing"
“Finish each day and be done with it. You have done what you could. Some blunders and absurdities no doubt crept in; forget them as soon as you can. Tomorrow is a new day. You shall begin it serenely and with too high a spirit to be encumbered with your old nonsense.”,Ralph Waldo Emerson,"life,regrets"
“I have never let my schooling interfere with my education.”,Mark Twain,education
“I have heard there are troubles of more than one kind. Some come from ahead and some come from behind. But I've bought a big bat. I'm all ready you see. Now my troubles are going to have troubles with me!”,Dr. Seuss,troubles
“If I had a flower for every time I thought of you...I could walk through my garden forever.”,Alfred Tennyson,"friendship,love"
“Some people never go crazy. What truly horrible lives they must lead.”,Charles Bukowski,humor
"“The trouble with having an open mind, of course, is that people will insist on coming along and trying to put things in it.”",Terry Pratchett,"humor,open-mind,thinking"
"“Think left and think right and think low and think high. Oh, the thinks you can think up if only you try!”",Dr. Seuss,"humor,philosophy"
"“What really knocks me out is a book that, when you're all done reading it, you wish the author that wrote it was a terrific friend of yours and you could call him up on the phone whenever you felt like it. That doesn't happen much, though.”",J.D. Salinger,"authors,books,literature,reading,writing"
“The reason I talk to myself is because I’m the only one whose answers I accept.”,George Carlin,"humor,insanity,lies,lying,self-indulgence,truth"
"“You may say I'm a dreamer, but I'm not the only one. I hope someday you'll join us. And the world will live as one.”",John Lennon,"beatles,connection,dreamers,dreaming,dreams,hope,inspirational,peace"
“I am free of all prejudice. I hate everyone equally. ”,W.C. Fields,"humor,sinister"
“The question isn't who is going to let me; it's who is going to stop me.”,Ayn Rand,
“′Classic′ - a book which people praise and don't read.”,Mark Twain,"books,classic,reading"
“Anyone who has never made a mistake has never tried anything new.”,Albert Einstein,mistakes
"“A lady's imagination is very rapid; it jumps from admiration to love, from love to matrimony in a moment.”",Jane Austen,"humor,love,romantic,women"
"“Remember, if the time should come when you have to make a choice between what is right and what is easy, remember what happened to a boy who was good, and kind, and brave, because he strayed across the path of Lord Voldemort. Remember Cedric Diggory.”",J.K. Rowling,integrity
"“I declare after all there is no enjoyment like reading! How much sooner one tires of any thing than of a book! -- When I have a house of my own, I shall be miserable if I have not an excellent library.”",Jane Austen,"books,library,reading"
"“There are few people whom I really love, and still fewer of whom I think well. The more I see of the world, the more am I dissatisfied with it; and every day confirms my belief of the inconsistency of all human characters, and of the little dependence that can be placed on the appearance of merit or sense.”",Jane Austen,"elizabeth-bennet,jane-austen"
“Some day you will be old enough to start reading fairy tales again.”,C.S. Lewis,"age,fairytales,growing-up"
“We are not necessarily doubting that God will do the best for us; we are wondering how painful the best will turn out to be.”,C.S. Lewis,god
“The fear of death follows from the fear of life. A man who lives fully is prepared to die at any time.”,Mark Twain,"death,life"
“A lie can travel half way around the world while the truth is putting on its shoes.”,Mark Twain,"misattributed-mark-twain,truth"
"“I believe in Christianity as I believe that the sun has risen: not only because I see it, but because by it I see everything else.”",C.S. Lewis,"christianity,faith,religion,sun"
"“The truth."" Dumbledore sighed. ""It is a beautiful and terrible thing, and should therefore be treated with great caution.”",J.K. Rowling,truth
"“I'm the one that's got to die when it's time for me to die, so let me live my life the way I want to.”",Jimi Hendrix,"death,life"
“To die will be an awfully big adventure.”,J.M. Barrie,"adventure,love"
“It takes courage to grow up and become who you really are.”,E.E. Cummings,courage
“But better to get hurt by the truth than comforted with a lie.”,Khaled Hosseini,life
“You never really understand a person until you consider things from his point of view... Until you climb inside of his skin and walk around in it.”,Harper Lee,better-life-empathy
"“You have to write the book that wants to be written. And if the book will be too difficult for grown-ups, then you write it for children.”",Madeleine L'Engle,"books,children,difficult,grown-ups,write,writers,writing"
“Never tell the truth to people who are not worthy of it.”,Mark Twain,truth
"“A person's a person, no matter how small.”",Dr. Seuss,inspirational
"“... a mind needs books as a sword needs a whetstone, if it is to keep its edge.”",George R.R. Martin,"books,mind"
